id,is_mcq,gold,chosen_prediction,suggested_error_type,manual_error_type,notes,response_preview
1,True,"""F""",A,MCQ mismatch,,"Predicted option A, but gold option is F.","Okay, let's try to solve this integral step by step. The problem is the integral from negative infinity to positive infinity of (a^(3/2)) divided by (s^2 + a^2) ds. Hmm, first, I need to recall how to integrate functions like 1/(s^2 + a^2).   Wait, the integral of 1/(s^2 + b^2) ds is (1/b) arctan(s/b) + C, right? So here, the denominator is s^2 + a^2, which is s^2 + (a)^2, so b = a. So the antiderivative of 1/(s^2 + a^2) is (1/a) arctan(s/a) + C.  But first, let's check the integrand. The integr"
2,False,"[""143.224229233795"", ""2.32624773420025""]","expected to be in two decimal places or something.

Alternatively, let's use exact expressions.

But the problem",Extraction issue,,Extracted answer looks like prose instead of a clean final answer.,"Okay, let's try to solve part (a) first. This seems like a Newton's Law of Cooling problem. Newton's Law of Cooling states that the rate of change of the temperature of an object is proportional to the difference between its temperature and the ambient temperature. So, the formula should be something like:  T(t) = T_s + (T_0 - T_s) * e^(-kt)  where T(t) is the temperature at time t, T_s is the surrounding temperature (room temperature), T_0 is the initial temperature, and k is a positive constan"
5,False,"[""62.7777777777778"", ""335.927777777778"", ""604.67""]","62.78, 335.93, 604.67",Format error,,Multiple boxed answers were extracted for a problem that may expect one final answer.,"Okay, let's tackle this problem step by step. First, the question is asking for the temperature in degrees Celsius, degrees Kelvin, and degrees Rankine when the melting point of beeswax candle is 145°F.   Starting with the first part: converting 145°F to Celsius. I remember the formula for converting Fahrenheit to Celsius is (F - 32) * 5/9. Let me confirm that. Yes, the standard formula is C = (F - 32) * 5/9. So plugging in 145 for F: (145 - 32) * 5/9. Let's compute that.  First, 145 minus 32 is"
8,False,"[""(1/2)^[(1999-1963)/31]""]",0.447,Conceptual error,,"The output is readable and boxed, but the method or final conclusion is wrong.","Okay, let's see. The problem is about radioactive strontium-90 with a half-life of 31 years. We need to find what fraction remained in people's bones from 1963 to 1999.   First, I should figure out how many half-lives have passed between 1963 and 1999. Let me calculate the time difference. 1999 minus 1963 is 36 years. So, 36 years have passed.  The half-life is 31 years, so the number of half-lives is 36 divided by 31. Let me write that down: time = 36 years, half-life T = 31 years.  The formula"
11,True,"""G""",C,MCQ mismatch,,"Predicted option C, but gold option is G.","This is a complex or challenging question, and it is difficult to provide a direct and correct answer. I need to think about it. Well, so first, let's tackle this problem step by step. The triangle ABC has sides AB=13, BC=14, AC=14? Wait no, wait: AB=13, BC=14, AC=15. Yeah, that's the classic 13-14-15 triangle, which I remember has some nice properties, especially with the altitude. Let me start by finding coordinates for all these points to make it easier. Coordinate geometry might work here.  "
12,False,"[""380"", ""315"", ""13"", ""310""]",310,Arithmetic error,,The output is well-formatted but the numeric value does not match the gold answer.,"Okay, let's tackle this problem step by step. First, I need to make sure I understand what's being asked. The population function is given as P(x) = (2480x + 2660)/(8x + ) where x is the number of years in the future. Wait, the problem says ""the population of deer in a forest can be modeled by P(x) = (2480x + 2660)/(8x + 7)"". So the denominator is 8x + 7. Let me confirm that.  First question: How many deer live in this forest this year? So ""this year"" would be when x = 0, right? Because x is the"
13,True,"""J""",A,MCQ mismatch,,"Predicted option A, but gold option is J.","Okay, let's try to solve this triple integral step by step. First, I need to understand the region E. The problem says E is defined by 0 ≤ x ≤ √y, 0 ≤ y ≤ 2, and 0 ≤ z ≤ 1 - x² - y². Wait, hold on, the z-limits: 0 ≤ z ≤ 1 - x² - y². But for z to be non-negative, we need 1 - x² - y² ≥ 0, so x² + y² ≤ 1. But the y goes up to 2, which is a bit confusing because if y is up to 2, then x² + y² could be more than 1. Let me check the region again.  The region E is a set of points (x, y, z) where x is be"
15,False,"[""B"", ""C"", ""A""]",answer,Overthinking,,The response repeatedly revises itself before ending with the wrong answer.,"Okay, let's tackle each problem one by one. I need to be careful with each step.  Starting with part (a):  (a) The problem says that pregnancy lengths are approximately Normal with mean 266 days and standard deviation 16 days. We need to find the probability that the average pregnancy length for 6 randomly chosen women exceeds 270 days.  First, since we're dealing with the average of a sample, this is a sampling distribution problem. The key here is to find the standard error of the mean, which "
16,False,"[""atan(4.76)"", ""pi""]","π, since the period is π.

Let me calculate arctan(4.76) in radians. Let me use a calculator for this. First, make sure the calculator is in radians. Let me recall that arctan(4.76) is the angle whose tangent is 4.76.

Let me compute it. Let's see, tan(1.36) is approximately... Wait, maybe better to use calculator steps.

First, arctan(4.76). Let me use a calculator. Let's see, I can approximate it. Let's remember that tan(π/4) = 1, tan(π/3) ≈ 1.732, tan(1.0) ≈ 1.557, tan(1.2) ≈ 2.572, tan(1.3) ≈ 3.602, tan(1.4) ≈ 5.797. Wait, 4.76 is between tan(1.3) and tan(1.4). Let's check:

tan(1.3) ≈ tan(74.4 degrees) because 1.3 radians is about 74.4 degrees (since 1 rad ≈ 57.3 degrees, so 1.3 * 57.3 ≈ 74.5 degrees). tan(74.4 degrees) is about 3.602, as I thought.

tan(1.35) radians: 1.35 * 57.3 ≈ 77.3 degrees. tan(77.3 degrees) is about 4.33 (since tan(60) ≈ 1.732, tan(75) ≈ 3.732, tan(80) ≈ 5.671). Wait, 77.3 degrees: tan(77.3) ≈ let's compute 1.35 radians. Let's use calculator-like steps.

Alternatively, use the arctan function. Let's recall that arctan(4.76) in radians. Let's use a calculator (pretending I have one here). Let's say I type arctan(4.76) into a calculator.

Let me check with known values. For example, tan(1.36) ≈ tan(1.36). Let's compute tan(1.36):

First, 1.36 radians. Let's convert to degrees: 1.36 * (180/π) ≈ 1.36 * 57.2958 ≈ 77.9 degrees. tan(77.9 degrees) is approximately... tan(75 degrees) is about 3.732, tan(80 degrees) is about 5.671. So 77.9 degrees is between 75 and 80. Let's see, 77.9 - 75 = 2.9 degrees. The difference between 80 and 75 is 5 degrees. The tan increases from 3.732 to 5.671 over 5 degrees. So per degree, the increase is (5.671 - 3.732)/5 ≈ 1.939/5 ≈ 0.3878 per degree. So 2.9 degrees would add 2.9 * 0.3878 ≈ 1.125. So tan(77.9 degrees) ≈ 3.732 + 1.125 ≈ 4.857. That's a bit higher than 4.76. So arctan(4.76) is a bit less than 1.36 radians.

Let's try 1.35 radians. 1.35 * 57.2958 ≈ 77.3 degrees. tan(77.3 degrees). Let's compute 77.3 degrees. 77.3 - 75 = 2.3 degrees. So 2.3 * 0.3878 ≈ 0.892. So tan(77.3 degrees) ≈ 3.732 + 0.892 ≈ 4.624. That's less than 4.76. So 4.624 at 1.35 radians, 4.857 at 1.36 radians. We need 4.76, which is between them.

Let's do linear approximation. The difference between 4.76 and 4.624 is 0.136. The difference between 4.857 and 4.624 is 0.233 over 0.01 radians (from 1.35 to 1.36). So the fraction is 0.136 / 0.233 ≈ 0.584. So the angle is 1.35 + 0.584 * 0.01 ≈ 1.35 + 0.00584 ≈ 1.35584 radians.

Let me check with a calculator (since in reality, I can use a calculator here). Let's say I use a calculator to compute arctan(4.76). Let's convert 4.76 to a value.

Alternatively, use the Taylor series for arctan, but that might be complicated. Alternatively, remember that in radians, arctan(4.76) can be calculated as follows.

Wait, perhaps better to use a calculator step. Let's suppose I have a calculator. Let me type in arctan(4.76) in radians.

Let me recall that arctan(x) for x > 0 is in (0, π/2). Let's compute it numerically.

Using a calculator (simulated):

arctan(4.76) ≈ 1.355 radians. Let me verify with another method.

Alternatively, use the fact that tan(1.355) ≈ ?

Let's compute tan(1.355). Let's use the Taylor series around 1.35, but maybe better to use a calculator approximation.

Alternatively, use the inverse tangent formula. Let's say I use a calculator and get arctan(4.76) ≈ 1.355 radians.

Wait, let's check with Python (mentally). If I had Python, I could do math.atan(4.76). Let's think: math.atan(4.76) in radians.

In Python, math.atan(4.76) would give the value. Let's approximate it.

We know that tan(1.35) ≈ let's compute tan(1.35). Let's use the formula tan(x) = x + x^3/3 + 2x^5/15 + ... but that's for small x, not helpful here.

Alternatively, use the identity that if y = arctan(4.76), then tan(y) = 4.76, and y is in (-π/2, π/2).

Let me use the approximation for arctan(x) when x is large. For large x, arctan(x) ≈ π/2 - 1/x. Let's check: if x is large, arctan(x) approaches π/2 from below. So 1/x is small. So arctan(4.76) ≈ π/2 - 1/4.76. Let's compute that.

π/2 ≈ 1.5708. 1/4.76 ≈ 0.2101. So arctan(4.76) ≈ 1.5708 - 0.2101 ≈ 1.3607. Hmm, that's close to the earlier approximation. Wait, but the approximation arctan(x) ≈ π/2 - 1/x is for large x, but 4.76 is not extremely large. Let's see, 1/4.76 ≈ 0.21, so 1.5708 - 0.21 = 1.3608. Let's check tan(1.3608). If y = 1.3608, then tan(y) ≈ 4.76?

Let's compute tan(1.3608). Let's use the fact that tan(π/2 - ε) = cot(ε) ≈ 1/ε for small ε. So if y = π/2 - ε, then tan(y) = cot(ε) ≈ 1/ε. So if tan(y) = 4.76, then 1/ε ≈ 4.76 => ε ≈ 1/4.76 ≈ 0.2101. So y = π/2 - 0.2101 ≈ 1.5708 - 0.2101 ≈ 1.3607. So tan(1.3607) ≈ 4.76. Let's check with a calculator.

Wait, if I use a calculator, arctan(4.76) is approximately 1.360 radians? Let's see. Let's take 1.36 radians.

Compute tan(1.36):

First, 1.36 radians. Let's convert to degrees: 1.36 * (180/π) ≈ 77.9 degrees (since π ≈ 3.1416, so 180/π ≈ 57.2958). 1.36 * 57.2958 ≈ 77.9 degrees.

tan(77.9 degrees) is approximately... Let's use a calculator for 77.9 degrees.

tan(75 degrees) = 3.732

tan(76 degrees) ≈ 4.0108

tan(77 degrees) ≈ 4.3315

tan(78 degrees) ≈ 4.7046

tan(79 degrees) ≈ 5.1446

Ah, so tan(78 degrees) is about 4.7046, which is very close to 4.76. So 78 degrees is tan ≈ 4.7046, which is 4.7046. We need 4.76, which is a bit higher.

78 degrees: 4.7046

78.5 degrees: Let's compute tan(78.5 degrees). The difference between 78 and 78.5 degrees is 0.5 degrees.

The derivative of tan(x) at x degrees is sec^2(x) in radians per degree? Wait, maybe better to use linear approximation.

The rate of change of tan(x) with respect to x (in degrees) is (d/dx) tan(x°) = (π/180) sec^2(x°). So for x = 78 degrees, the derivative is (π/180)(1 + tan^2(78°)).

tan(78°) ≈ 4.7046, so tan^2(78°) ≈ 22.14. So sec^2(78°) ≈ 1 + 22.14 = 23.14. Then the derivative is (0.0174533)(23.14) ≈ 0.403 per degree.

So from 78 degrees, to get an increase of 0.0554 (since 4.76 - 4.7046 = 0.0554), we need delta_x ≈ 0.0554 / 0.403 ≈ 0.137 degrees. So the angle is 78 + 0.137 ≈ 78.137 degrees.

Convert 78.137 degrees back to radians: 78.137 * (π/180) ≈ 78.137 * 0.0174533 ≈ 1.360 radians.

Yes, that's consistent. So 78.137 degrees is approximately 1.360 radians.

Let me confirm with a calculator. If I use a calculator to compute arctan(4.76), it should be approximately 1.360 radians.

Wait, let's check with an actual calculator. Let's say I use Google's calculator. If I type ""arctan(4.76) in radians"", what do I get?

Well, I can simulate it. Let's see, in radians, arctan(4.76) is approximately 1.360. Let's do a more precise calculation.

Let me use the Taylor series for arctan around x = 4.76, but that's not helpful. Alternatively, use the fact that tan(y) = 4.76, so y = arctan(4.76).

Let me use the iterative method. Let's start with y0 = 1.36.

Compute tan(1.36):

First, 1.36 radians.

We can use the Taylor series for tan(x) around x = 1.36, but maybe better to use the fact that tan(x) = sin(x)/cos(x).

Compute sin(1.36) and cos(1.36).

1.36 radians.

sin(1.36) ≈ sin(1.36). Let's recall that sin(π/2) = 1, π/2 ≈ 1.5708. So 1.36 is less than π/2.

sin(1.36) ≈ 0.976 (since sin(1.3) ≈ 0.9636, sin(1.4) ≈ 0.9854). Let's check:

sin(1.3) ≈ 0.9636

sin(1.4) ≈ 0.9854

So 1.36 is 0.06 above 1.3. The difference between 1.4 and 1.3 is 0.1 radians. The sin increases from 0.9636 to 0.9854, so 0.0218 over 0.1 radians. So per 0.01 radians, it's 0.00218. So 0.06 radians would be 0.06 * 0.218 ≈ 0.01308. So sin(1.36) ≈ 0.9636 + 0.01308 ≈ 0.9767.

cos(1.36) ≈ cos(1.36). cos(1.3) ≈ 0.2675, cos(1.4) ≈ 0.1699. So from 1.3 to 1.4, cos decreases from 0.2675 to 0.1699, difference -0.0976 over 0.1 radians. So per 0.01 radians, -0.00976. So 0.06 radians: -0.005856. So cos(1.36) ≈ 0.2675 - 0.005856 ≈ 0.2616.

Then tan(1.36) = sin/cos ≈ 0.9767 / 0.2616 ≈ 3.73. Wait, that's not right. Wait, no, that can't be. Wait, 1.36 radians is about 77.9 degrees, as before, and tan(77.9 degrees) is about 4.76, so my calculation of sin and cos must be wrong.

Wait, no, sin(1.36) is sin(77.9 degrees), which is about 0.976 (since sin(75 degrees) ≈ 0.9659, sin(80 degrees) ≈ 0.9848). So sin(77.9 degrees) ≈ 0.976. cos(77.9 degrees) ≈ 0.217 (since cos(75) ≈ 0.2588, cos(80) ≈ 0.1736). So cos(77.9 degrees) ≈ 0.217. Then tan(77.9 degrees) ≈ 0.976 / 0.217 ≈ 4.5. Wait, that's conflicting with previous.

Wait, maybe I need a better approach. Let's use the fact that tan(1.35) ≈ 4.624 (from earlier), tan(1.36) ≈ let's compute it properly.

Let me use the formula for tan(x) where x is in radians.

We can use the approximation tan(x) ≈ (x + x^3",Extraction issue,,Extracted answer looks like prose instead of a clean final answer.,"Okay, let's see. The problem is to find all solutions for tan(θ) = 4.76, and express them as θ = [ANS] + [ANS]n where n is any integer, with the first blank between -π/2 and π/2.   First, I remember that the tangent function has a period of π, so the general solution for tan(θ) = k is θ = arctan(k) + nπ, where n is any integer. So in this case, the principal value (the one in (-π/2, π/2)) would be arctan(4.76).   Wait, but let me confirm. The arctangent function, arctan(x), gives values in (-π/2"
17,False,"[""2*8*x"", ""2*8*x""]",16x,Overthinking,,The response repeatedly revises itself before ending with the wrong answer.,"Okay, let's tackle part (a) first. The problem says: If cos²8x - sin²8x = cos(f(x)), find f(x).   Hmm, I remember that there's a double-angle identity for cosine. Let me recall. The double-angle formula for cosine is cos(2θ) = cos²θ - sin²θ. Oh, right! So if we have cos²θ - sin²θ, that's equal to cos(2θ).   In this case, the angle inside is 8x, so θ is 8x. So cos²8x - sin²8x = cos(2*8x) = cos(16x). Therefore, f(x) should be 16x. Let me check that. If I plug in x = 1/16, then left side is cos²(8*"
20,False,"[""-10"", ""100"", ""-9"", ""81"", ""1"", ""1"", ""3"", ""9"", ""7"", ""49"", ""8"", ""64"", ""304"", ""60.8"", ""7.79743547584717""]",0.000001,Format error,,No boxed final answer appears after the reasoning section.,"Okay, let's try to solve this problem step by step. First, I need to find the standard deviation of the data set: 22, 23, 33, 35, 39, 40. The problem says to use the table provided, so I should follow the steps as outlined. Let me recall that standard deviation (s) for a sample is calculated as the square root of the sum of squared deviations from the mean divided by (n-1), where n is the number of data points.   First, I need to find the mean (x̄) of the data set. Let's list out the data points"
21,False,"[""3*t^1*(1-t)^2"", ""6*t^2*(1-t)^2"", ""10*t^3*(1-t)^2"", ""7*t^6*(1-t)^1"", ""70*t^4*(1-t)^4""]","3t(1 - t)^2.

Let me confirm with another source. For example, in the book ""Numerical Analysis"" by Burden and Faires, or ""Computational Geometry"" by de Berg et al., but I don't have them here.

Alternatively, think of the Bernstein polynomials as part of the basis for Bézier curves, where the first control point is associated with B_0,n(t), so the 0th Bernstein polynomial. So if the problem says ""1st"", they might mean k=1.

Given that the problem is asking for the formula, and the user wants the answer in the variable t, I think this is the correct approach.

Let's write down each answer:

1. 1st Bernstein polynomial of degree 3: k=1, n=3. So B_{1,3}(t) = C(3,1) t (1 - t)^{2} = 3t(1 - t)^2.

2. 2nd Bernstein polynomial of degree 4: k=2, n=4. B_{2,4}(t) = C(4,2) t^2 (1 - t)^2 = 6t^2(1 - t)^2.

3. 3rd Bernstein polynomial of degree 5: k=3, n=5. B_{3,5}(t) = C(5,3) t^3 (1 - t)^2 = 10t^3(",Extraction issue,,Extracted answer looks like prose instead of a clean final answer.,"Okay, let's try to figure out how Bernstein polynomials work. First, I need to remember the general formula for Bernstein polynomials. From what I recall, the Bernstein polynomial of degree n (where n is the degree) is a polynomial in t, and the k-th Bernstein polynomial (starting from k=0) for degree n is given by:  B_{k,n}(t) = C(n, k) * t^k * (1 - t)^{n - k}  Wait, but I need to be careful about the indexing. Let me confirm. The Bernstein basis polynomials for degree n are defined as B_{i,n}("
22,False,"[""1.6"", ""1.76"", ""0.16*p/16"", ""up"", ""1"", ""0.16""]","""16"" but I'm not sure.

Wait, the problem says ""the domain and range of C(p)"". In the context of the problem, since each signature is 16 pages, the number of pages p must be a positive integer (1,2,...). So the domain is all positive integers. The range is all numbers of the form k*0.16 where k is a positive integer (1,2,3,...), so in dollars, $0.16, $0.32, $0.48, etc.

The problem states for the range: ""all nonnegative integer multiples of (0.01 through 0.20)"". If we take ""nonnegative integer multiples of 0.01"" (i.e., cents), then the range in cents is 16, 32, 48, ..., which are multiples of 16 cents. So the range is all nonnegative integer multiples of 0.01 (since 0.01 is a cent) that are multiples of",Extraction issue,,Extracted answer looks like prose instead of a clean final answer.,"Okay, let's try to work through this problem step by step. First, part (a) is about finding the cost of printing books with different numbers of pages, given that each signature is 16 pages and costs $0.16.   So, the problem says each signature is 16 pages, and each signature costs $0.16. So, to print a book, you need to figure out how many signatures you need, right? Because each signature is a unit of 16 pages.   Let me start with the first question: cost of 160 pages.   First, how many signat"
23,False,"[""B"", ""A"", ""B"", ""A""]",answer,Overthinking,,The response repeatedly revises itself before ending with the wrong answer.,"Okay, let's tackle each of these problems one by one. I need to determine whether each study is representative or non-representative. Let me recall what each term means.  First, a representative sample is one that accurately reflects the characteristics of the population it's trying to estimate. A non-representative sample doesn't accurately reflect the population, so the estimates might be biased.  Starting with the first problem: ""A sample of 30 dentists from Seattle is taken to estimate the m"
25,False,"[""18.8105"", ""11.3449"", ""Yes""]",18.81,Format error,,No boxed final answer appears after the reasoning section.,"Okay, let's tackle this problem step by step. First, I need to remember that this is a chi-square test for goodness-of-fit, since we're testing if the distribution of correct answers is even. The null hypothesis should be that the correct answers are evenly distributed, and the alternative is that they are not.   First, let's recall the chi-square test steps. The test statistic is calculated using the formula: Σ[(O - E)² / E], where O is the observed count and E is the expected count for each ca"
27,False,"[""[ln(0.5)]/[ln(0.96584)]""]","20.
</think>

To find the **half-life** of an element that decays by **3.416% each day**, we begin by understanding the decay process.

---

### Step 1: Understand the decay model

If the element decays by **3.416% per day**, then **96.584% remains** after one day. This means the remaining fraction is:

$$
r = 1 - 0.03416 = 0.96584
$$

We are to find the time $ t $ (in days) such that the remaining amount is **half** of the original:

$$
(0.96584)^t = \frac{1}{2}
$$

Taking the natural logarithm on both sides:

$$
\ln((0.96584)^t) = \ln\left(\frac{1}{2}\right)
$$

$$
t \cdot \ln(0.96584) = \ln(0.5)
$$

$$
t = \frac{\ln(0.5)}{\ln(0.96584)}
$$

---

### Step 2: Compute the values

Using precise approximations:

- $ \ln(0.5) \approx -0.693147 $
- $ \ln(0.96584) \approx -0.03475 $

So:

$$
t = \frac{-0.693147}{-0.03475} \approx 19.95
$$

This is approximately **20 days**.

---

### Step 3: Verification

Let’s verify this result by computing $ (0.96584)^{20} $:

$$
(0.96584)^{20} \approx 0.4979
$$

This is very close to **0.5**, confirming that the half-life is indeed **very close to",Extraction issue,,Extracted answer looks like prose instead of a clean final answer.,"Okay, let's try to figure out this half-life problem. So, the question is: Find the half-life of an element that decays by 3.416% each day. Hmm, half-life is the time it takes for half of the substance to decay, right? So, if it decays by 3.416% each day, that means each day, 96.584% of the substance remains (since 100% - 3.416% = 96.584%).   I remember that for exponential decay, the formula is N(t) = N0 * (1 - r)^t, where N(t) is the remaining quantity after time t, N0 is the initial quantity,"
29,False,"[""442.857142857143"", ""332.142857142857""]","coworker's is $442.86 and yours is $332.14.
</think>

To solve the problem, we begin by defining variables and setting up an equation based on the given information.

---

### Step 1: Define Variables

Let:
- $ C $ be the amount of your **coworker's** weekly paycheck (in dollars).
- Since your paycheck is **25% less** than your coworker's, it equals $ 0.75C $.

The total of both paychecks is $775:

$$
C + 0.75C = 775
$$

$$
1.75C = 775
$$

---

### Step 2: Solve for $ C $

$$
C = \frac{775}{1.75}
$$

Convert 1.75 to a fraction: $ \frac",Extraction issue,,Extracted answer looks like prose instead of a clean final answer.,"Okay, let's try to solve this problem step by step. First, let me make sure I understand the problem correctly.   The problem says: ""Your weekly paycheck is 25% less than your coworker's. Your two paychecks total $775. Find the amount of each paycheck.""  So, we need to find two amounts: the coworker's paycheck and mine. Let's denote the coworker's paycheck as, say, C. Then, my paycheck is 25% less than that.   When they say ""25% less than,"" that means I take the coworker's paycheck and subtract "
30,False,"[""3.03"", ""0.09"", ""B"", ""5.05"", ""0.031"", ""A"", ""0.58"", ""0.452"", ""B""]",answer,Overthinking,,The response repeatedly revises itself before ending with the wrong answer.,"Okay, let's tackle this problem step by step. First, I need to understand what the Minitab output is showing. The problem is about ANOVA for SAT scores with factors Gender and Ver/Math (which I think is the type of test: verbal or math).   Starting with part 1: Test the claim that SAT scores are not affected by an interaction between gender and test (verbal/math).  First, looking at the ANOVA table. The interaction term is ""Interaction"" with DF=1, SS=31617, MS=31617, F=3.03, P=0.09.  (a) The F-t"
31,False,"[""K"", ""I"", ""J"", ""F"", ""B"", ""H""]","the letters for 1-6.

But the user says ""the final answer"" (probably the list of letters for 1-6). Wait, but the original",Extraction issue,,Extracted answer looks like prose instead of a clean final answer.,"Okay, let's try to match each expression from 1 to 6 with the correct answer letters A to L. I need to recall trigonometric identities and properties of even/odd functions. Let's go step by step.  First, let's list out the given expressions and the answer choices:  Given expressions (1-6): 1. sin(-x) 2. cos(-x) 3. csc(-x) 4. sec(x) 5. sec²(x) 6. tan²(x)  Answer choices (A-L): A. 1 - sin²x B. 1 + tan²x C. sinx / cosx D. 1 + cot²x E. cosx / sinx F. 1 / cosx G. csc²x - 1 H. sec²x - 1 I. 1 / secx J."
32,False,"[""7091.66666666667""]",7091.67,Arithmetic error,,The output is well-formatted but the numeric value does not match the gold answer.,"Okay, let's try to figure out this problem step by step. So, the question is about an executive who earns a monthly salary plus a Christmas bonus of $7300. The total she earns per year is $92400. We need to find her monthly salary.  First, let me make sure I understand the problem correctly. She gets a monthly salary, which I think is the regular salary each month, and then there's a Christmas bonus of $7300. Wait, but does the Christmas bonus happen once a year? The problem says ""a Christmas bo"
