tensor,module,family,lora_matrix,shape,numel,mean,std,min,max,abs_mean,l2_norm,zero_fraction
base_model.model.model.layers.0.mlp.down_proj.lora_A.weight,down_proj,mlp,A,16x9728,155648,2.2963266e-05,0.0058685611,-0.010642245,0.010648257,0.0050804356,2.3152974,0
base_model.model.model.layers.0.mlp.down_proj.lora_B.weight,down_proj,mlp,B,2560x16,40960,3.3246761e-06,0.00035599715,-0.00061852188,0.00061657169,0.00030600303,0.072051875,0
base_model.model.model.layers.0.mlp.gate_proj.lora_A.weight,gate_proj,mlp,A,16x2560,40960,-5.5896991e-05,0.011468618,-0.02028965,0.020288724,0.0099478766,2.3211117,0
base_model.model.model.layers.0.mlp.gate_proj.lora_B.weight,gate_proj,mlp,B,9728x16,155648,3.2433868e-06,0.00035785433,-0.00062128011,0.00062153884,0.00031078528,0.14118731,0
base_model.model.model.layers.0.mlp.up_proj.lora_A.weight,up_proj,mlp,A,16x2560,40960,5.4088585e-05,0.011398301,-0.020285755,0.020278666,0.0098557591,2.3068802,0
base_model.model.model.layers.0.mlp.up_proj.lora_B.weight,up_proj,mlp,B,9728x16,155648,4.8097246e-07,0.00035889819,-0.0006196188,0.00062068598,0.00031178778,0.14159343,0
base_model.model.model.layers.0.self_attn.k_proj.lora_A.weight,k_proj,attention,A,16x2560,40960,-2.6865839e-05,0.011417022,-0.020241419,0.020282529,0.009888047,2.3106492,0
base_model.model.model.layers.0.self_attn.k_proj.lora_B.weight,k_proj,attention,B,1024x16,16384,-3.2498251e-06,0.00031465714,-0.00061391521,0.00061549339,0.00026623986,0.040278256,0
base_model.model.model.layers.0.self_attn.o_proj.lora_A.weight,o_proj,attention,A,16x4096,65536,4.4705142e-05,0.0090040108,-0.016129976,0.016129751,0.0077906176,2.3050559,0
base_model.model.model.layers.0.self_attn.o_proj.lora_B.weight,o_proj,attention,B,2560x16,40960,-1.1666109e-06,0.00035829848,-0.00062057091,0.00061812933,0.00031002969,0.072514921,0
base_model.model.model.layers.0.self_attn.q_proj.lora_A.weight,q_proj,attention,A,16x2560,40960,2.5092513e-05,0.011444226,-0.020266661,0.020288423,0.0099223077,2.3161542,0
base_model.model.model.layers.0.self_attn.q_proj.lora_B.weight,q_proj,attention,B,4096x16,65536,8.2967853e-07,0.00032425471,-0.00061361183,0.00061365264,0.00027500998,0.083009452,0
base_model.model.model.layers.0.self_attn.v_proj.lora_A.weight,v_proj,attention,A,16x2560,40960,-0.00012549778,0.01143478,-0.020287445,0.020288417,0.0099067114,2.3143752,0
base_model.model.model.layers.0.self_attn.v_proj.lora_B.weight,v_proj,attention,B,1024x16,16384,1.952202e-06,0.00036646373,-0.00061751466,0.0006159232,0.00031959446,0.046908025,0
base_model.model.model.layers.1.mlp.down_proj.lora_A.weight,down_proj,mlp,A,16x9728,155648,8.8549172e-07,0.0058623683,-0.010640523,0.010642534,0.0050748151,2.3128338,0
base_model.model.model.layers.1.mlp.down_proj.lora_B.weight,down_proj,mlp,B,2560x16,40960,1.4107427e-06,0.00035518667,-0.00062262756,0.00061939534,0.00030383179,0.071885265,0
base_model.model.model.layers.1.mlp.gate_proj.lora_A.weight,gate_proj,mlp,A,16x2560,40960,-5.1746796e-05,0.01144969,-0.020281542,0.020279087,0.0099280238,2.3172784,0
base_model.model.model.layers.1.mlp.gate_proj.lora_B.weight,gate_proj,mlp,B,9728x16,155648,-1.9940771e-06,0.00036117833,-0.00062146556,0.00062140566,0.00031983764,0.14249508,0
base_model.model.model.layers.1.mlp.up_proj.lora_A.weight,up_proj,mlp,A,16x2560,40960,4.0944557e-05,0.011410643,-0.020288222,0.0202877,0.0098720454,2.3093657,0
base_model.model.model.layers.1.mlp.up_proj.lora_B.weight,up_proj,mlp,B,9728x16,155648,8.3270999e-07,0.00039471925,-0.00062116276,0.00061793643,0.00035473226,0.15572602,0
base_model.model.model.layers.1.self_attn.k_proj.lora_A.weight,k_proj,attention,A,16x2560,40960,0.00010131828,0.011456453,-0.020272955,0.020253723,0.009915638,2.3187144,0
base_model.model.model.layers.1.self_attn.k_proj.lora_B.weight,k_proj,attention,B,1024x16,16384,8.1060006e-07,0.00032907404,-0.00060382736,0.00061129895,0.00028194016,0.042121608,0
base_model.model.model.layers.1.self_attn.o_proj.lora_A.weight,o_proj,attention,A,16x4096,65536,-2.8679404e-05,0.009027224,-0.016113488,0.016109971,0.0078154188,2.3109822,0
base_model.model.model.layers.1.self_attn.o_proj.lora_B.weight,o_proj,attention,B,2560x16,40960,1.5756821e-06,0.00034205045,-0.0006191713,0.00061856513,0.00029192339,0.069226868,0
base_model.model.model.layers.1.self_attn.q_proj.lora_A.weight,q_proj,attention,A,16x2560,40960,1.0168742e-05,0.011484092,-0.020247879,0.020280754,0.0099586703,2.3242173,0
base_model.model.model.layers.1.self_attn.q_proj.lora_B.weight,q_proj,attention,B,4096x16,65536,-5.6873955e-07,0.00033609229,-0.00061280606,0.00061428273,0.00028894618,0.086039759,0
base_model.model.model.layers.1.self_attn.v_proj.lora_A.weight,v_proj,attention,A,16x2560,40960,-6.5796259e-05,0.011428546,-0.020274455,0.020285739,0.0098956555,2.3130138,0
base_model.model.model.layers.1.self_attn.v_proj.lora_B.weight,v_proj,attention,B,1024x16,16384,-1.6884655e-08,0.00034333291,-0.00061559764,0.00061142596,0.00029415524,0.043946616,0
base_model.model.model.layers.10.mlp.down_proj.lora_A.weight,down_proj,mlp,A,16x9728,155648,-1.5500516e-05,0.0058782678,-0.010650729,0.010653441,0.0050860683,2.3191166,0
base_model.model.model.layers.10.mlp.down_proj.lora_B.weight,down_proj,mlp,B,2560x16,40960,-3.8964609e-07,0.00037959704,-0.00062314438,0.00062259031,0.00032781265,0.076825067,0
base_model.model.model.layers.10.mlp.gate_proj.lora_A.weight,gate_proj,mlp,A,16x2560,40960,2.2756478e-05,0.01145498,-0.020292403,0.020284181,0.0099190354,2.3183293,0
base_model.model.model.layers.10.mlp.gate_proj.lora_B.weight,gate_proj,mlp,B,9728x16,155648,-1.0210186e-06,0.00036336761,-0.00062089041,0.00062226382,0.00031545391,0.14335711,0
base_model.model.model.layers.10.mlp.up_proj.lora_A.weight,up_proj,mlp,A,16x2560,40960,5.6669793e-05,0.011455338,-0.020292798,0.020287424,0.009910354,2.3184261,0
base_model.model.model.layers.10.mlp.up_proj.lora_B.weight,up_proj,mlp,B,9728x16,155648,2.6484372e-07,0.00037214713,-0.00062107638,0.00062077428,0.00032415275,0.14682038,0
base_model.model.model.layers.10.self_attn.k_proj.lora_A.weight,k_proj,attention,A,16x2560,40960,0.00012419146,0.011448869,-0.020281756,0.020291839,0.0099232502,2.3172245,0
base_model.model.model.layers.10.self_attn.k_proj.lora_B.weight,k_proj,attention,B,1024x16,16384,2.6175562e-06,0.00036124644,-0.00061174331,0.00061432773,0.0003144244,0.046240762,0
base_model.model.model.layers.10.self_attn.o_proj.lora_A.weight,o_proj,attention,A,16x4096,65536,4.925238e-05,0.0090414351,-0.016146718,0.016142551,0.0078286817,2.3146408,0
base_model.model.model.layers.10.self_attn.o_proj.lora_B.weight,o_proj,attention,B,2560x16,40960,1.4345039e-06,0.00037669414,-0.00061993039,0.00062144105,0.00032676535,0.076238059,0
base_model.model.model.layers.10.self_attn.q_proj.lora_A.weight,q_proj,attention,A,16x2560,40960,-2.0848962e-05,0.011407726,-0.020283287,0.020287553,0.0098802865,2.3087659,0
base_model.model.model.layers.10.self_attn.q_proj.lora_B.weight,q_proj,attention,B,4096x16,65536,7.8071622e-07,0.00036475851,-0.0006192642,0.00061982172,0.0003173069,0.093378365,0
base_model.model.model.layers.10.self_attn.v_proj.lora_A.weight,v_proj,attention,A,16x2560,40960,-3.240462e-05,0.011380666,-0.020288805,0.020288931,0.0098422475,2.3032947,0
base_model.model.model.layers.10.self_attn.v_proj.lora_B.weight,v_proj,attention,B,1024x16,16384,-4.0380082e-06,0.00037913726,-0.00061801547,0.00061826012,0.00033255471,0.048532318,0
base_model.model.model.layers.11.mlp.down_proj.lora_A.weight,down_proj,mlp,A,16x9728,155648,-1.006936e-05,0.005872352,-0.010650484,0.010652161,0.0050832598,2.3167763,0
base_model.model.model.layers.11.mlp.down_proj.lora_B.weight,down_proj,mlp,B,2560x16,40960,8.3446338e-07,0.00037284725,-0.00062261993,0.00062398124,0.0003209752,0.075459152,0
base_model.model.model.layers.11.mlp.gate_proj.lora_A.weight,gate_proj,mlp,A,16x2560,40960,2.085643e-06,0.011407398,-0.020292575,0.020289008,0.0098840691,2.3086953,0
base_model.model.model.layers.11.mlp.gate_proj.lora_B.weight,gate_proj,mlp,B,9728x16,155648,-1.2351038e-06,0.00036473852,-0.00062411348,0.00062356045,0.00031692851,0.14389834,0
base_model.model.model.layers.11.mlp.up_proj.lora_A.weight,up_proj,mlp,A,16x2560,40960,-2.2154763e-05,0.011454784,-0.020292183,0.020287614,0.0099160507,2.318289,0
base_model.model.model.layers.11.mlp.up_proj.lora_B.weight,up_proj,mlp,B,9728x16,155648,-3.5058005e-07,0.0003692118,-0.00062129594,0.00062057766,0.00032067956,0.14566231,0
base_model.model.model.layers.11.self_attn.k_proj.lora_A.weight,k_proj,attention,A,16x2560,40960,5.4165001e-05,0.011399917,-0.020293033,0.0202948,0.0098624945,2.3072073,0
base_model.model.model.layers.11.self_attn.k_proj.lora_B.weight,k_proj,attention,B,1024x16,16384,1.2960556e-06,0.00036920269,-0.00061965524,0.0006197429,0.00032280662,0.047258239,0
base_model.model.model.layers.11.self_attn.o_proj.lora_A.weight,o_proj,attention,A,16x4096,65536,-1.4781555e-05,0.0090362485,-0.016143663,0.016141523,0.007825369,2.3132825,0
base_model.model.model.layers.11.self_attn.o_proj.lora_B.weight,o_proj,attention,B,2560x16,40960,1.3113302e-06,0.00037291512,-0.00062209129,0.00062107167,0.00032254388,0.075473182,0
base_model.model.model.layers.11.self_attn.q_proj.lora_A.weight,q_proj,attention,A,16x2560,40960,-1.2546097e-05,0.01142348,-0.020284163,0.020293077,0.0098937035,2.3119509,0
base_model.model.model.layers.11.self_attn.q_proj.lora_B.weight,q_proj,attention,B,4096x16,65536,6.413681e-07,0.00037706384,-0.00062170177,0.00062252133,0.00033081544,0.096528471,0
base_model.model.model.layers.11.self_attn.v_proj.lora_A.weight,v_proj,attention,A,16x2560,40960,3.6759517e-05,0.0113987,-0.020290133,0.020283984,0.0098665662,2.3069468,0
base_model.model.model.layers.11.self_attn.v_proj.lora_B.weight,v_proj,attention,B,1024x16,16384,1.2405969e-05,0.00037167061,-0.00062133261,0.00062119367,0.0003223971,0.047600336,0
base_model.model.model.layers.12.mlp.down_proj.lora_A.weight,down_proj,mlp,A,16x9728,155648,1.5245308e-05,0.0058924649,-0.010653505,0.010651863,0.0051041673,2.3247175,0
base_model.model.model.layers.12.mlp.down_proj.lora_B.weight,down_proj,mlp,B,2560x16,40960,-1.0028526e-06,0.00037990502,-0.00062276854,0.00062357949,0.00032754107,0.07688766,0
base_model.model.model.layers.12.mlp.gate_proj.lora_A.weight,gate_proj,mlp,A,16x2560,40960,-1.7354734e-05,0.011435601,-0.020292383,0.020283725,0.0098955788,2.3144054,0
base_model.model.model.layers.12.mlp.gate_proj.lora_B.weight,gate_proj,mlp,B,9728x16,155648,-3.8188657e-07,0.00036640366,-0.00062305015,0.0006221013,0.00031932745,0.14455457,0
base_model.model.model.layers.12.mlp.up_proj.lora_A.weight,up_proj,mlp,A,16x2560,40960,3.9691104e-06,0.011481669,-0.02028792,0.020268509,0.009949249,2.3237262,0
base_model.model.model.layers.12.mlp.up_proj.lora_B.weight,up_proj,mlp,B,9728x16,155648,1.1404776e-06,0.0003764609,-0.00062420231,0.00062350451,0.00032894845,0.14852284,0
base_model.model.model.layers.12.self_attn.k_proj.lora_A.weight,k_proj,attention,A,16x2560,40960,-3.6033325e-05,0.011399071,-0.020293621,0.020290695,0.0098507874,2.3070207,0
base_model.model.model.layers.12.self_attn.k_proj.lora_B.weight,k_proj,attention,B,1024x16,16384,-3.9233623e-07,0.00036493142,-0.00061940943,0.00061493251,0.00031611335,0.046711255,0
base_model.model.model.layers.12.self_attn.o_proj.lora_A.weight,o_proj,attention,A,16x4096,65536,-1.3401283e-05,0.0090601472,-0.016142001,0.016142108,0.0078484677,2.3194005,0
base_model.model.model.layers.12.self_attn.o_proj.lora_B.weight,o_proj,attention,B,2560x16,40960,-3.5155131e-07,0.00036833785,-0.00062282768,0.00062304828,0.00031628155,0.074546367,0
base_model.model.model.layers.12.self_attn.q_proj.lora_A.weight,q_proj,attention,A,16x2560,40960,-6.7391222e-05,0.01145603,-0.020292178,0.02029215,0.009920834,2.3185775,0
base_model.model.model.layers.12.self_attn.q_proj.lora_B.weight,q_proj,attention,B,4096x16,65536,7.4198454e-07,0.00036937618,-0.0006189557,0.00062155264,0.00032213025,0.094560489,0
base_model.model.model.layers.12.self_attn.v_proj.lora_A.weight,v_proj,attention,A,16x2560,40960,-0.000126803,0.011419874,-0.020289974,0.020291792,0.0098947734,2.311362,0
base_model.model.model.layers.12.self_attn.v_proj.lora_B.weight,v_proj,attention,B,1024x16,16384,-2.6150235e-07,0.00038017641,-0.00061759603,0.00062009209,0.00033276062,0.048662595,0
base_model.model.model.layers.13.mlp.down_proj.lora_A.weight,down_proj,mlp,A,16x9728,155648,-1.2995577e-05,0.0058769789,-0.010650945,0.010651215,0.0050856318,2.3186035,0
base_model.model.model.layers.13.mlp.down_proj.lora_B.weight,down_proj,mlp,B,2560x16,40960,-1.6046109e-06,0.0003740695,-0.00062437973,0.00062342902,0.00032105788,0.075707033,0
base_model.model.model.layers.13.mlp.gate_proj.lora_A.weight,gate_proj,mlp,A,16x2560,40960,4.1745559e-05,0.011449016,-0.020291671,0.020287646,0.009913554,2.3171332,0
base_model.model.model.layers.13.mlp.gate_proj.lora_B.weight,gate_proj,mlp,B,9728x16,155648,9.5149136e-07,0.00036669328,-0.00062397629,0.00062477199,0.00031892561,0.14466915,0
base_model.model.model.layers.13.mlp.up_proj.lora_A.weight,up_proj,mlp,A,16x2560,40960,2.7501108e-05,0.011474132,-0.020298474,0.020292627,0.0099292733,2.3222077,0
base_model.model.model.layers.13.mlp.up_proj.lora_B.weight,up_proj,mlp,B,9728x16,155648,-6.7828978e-07,0.00037065719,-0.00062291668,0.00062258466,0.00032288905,0.14623271,0
base_model.model.model.layers.13.self_attn.k_proj.lora_A.weight,k_proj,attention,A,16x2560,40960,3.4606033e-05,0.011432255,-0.020287221,0.02027881,0.0098977588,2.3137362,0
base_model.model.model.layers.13.self_attn.k_proj.lora_B.weight,k_proj,attention,B,1024x16,16384,-1.6057829e-06,0.00036234842,-0.00061567227,0.00061669532,0.00031694453,0.046381053,0
base_model.model.model.layers.13.self_attn.o_proj.lora_A.weight,o_proj,attention,A,16x4096,65536,2.3718658e-05,0.009055878,-0.016144961,0.016140947,0.0078368001,2.3183136,0
base_model.model.model.layers.13.self_attn.o_proj.lora_B.weight,o_proj,attention,B,2560x16,40960,-8.6155431e-08,0.00038458349,-0.00062366819,0.00062450586,0.00033371041,0.077834226,0
base_model.model.model.layers.13.self_attn.q_proj.lora_A.weight,q_proj,attention,A,16x2560,40960,-8.7923136e-06,0.011422249,-0.020293606,0.020294182,0.0098861903,2.3117011,0
base_model.model.model.layers.13.self_attn.q_proj.lora_B.weight,q_proj,attention,B,4096x16,65536,1.6446274e-06,0.00035926045,-0.00062069751,0.0006192872,0.0003130688,0.091971613,0
base_model.model.model.layers.13.self_attn.v_proj.lora_A.weight,v_proj,attention,A,16x2560,40960,8.6790315e-05,0.011445174,-0.020293148,0.020291548,0.0099064052,2.316407,0
base_model.model.model.layers.13.self_attn.v_proj.lora_B.weight,v_proj,attention,B,1024x16,16384,1.5991619e-06,0.00037919937,-0.00061930832,0.00061792979,0.00033193003,0.048537947,0
base_model.model.model.layers.14.mlp.down_proj.lora_A.weight,down_proj,mlp,A,16x9728,155648,5.1877478e-06,0.005875417,-0.010650186,0.010651478,0.0050858032,2.3179827,0
base_model.model.model.layers.14.mlp.down_proj.lora_B.weight,down_proj,mlp,B,2560x16,40960,1.0157025e-06,0.00037022535,-0.00062354852,0.00062395172,0.00031571216,0.074928619,0
base_model.model.model.layers.14.mlp.gate_proj.lora_A.weight,gate_proj,mlp,A,16x2560,40960,3.0081021e-05,0.011473759,-0.0202797,0.020283703,0.0099378854,2.322134,0
base_model.model.model.layers.14.mlp.gate_proj.lora_B.weight,gate_proj,mlp,B,9728x16,155648,-5.7378986e-07,0.00036489486,-0.00062382233,0.00062108168,0.00031809073,0.14395936,0
base_model.model.model.layers.14.mlp.up_proj.lora_A.weight,up_proj,mlp,A,16x2560,40960,-7.5975995e-06,0.01139367,-0.020291323,0.02027595,0.009855853,2.3059168,0
base_model.model.model.layers.14.mlp.up_proj.lora_B.weight,up_proj,mlp,B,9728x16,155648,1.7916145e-06,0.00037047022,-0.00062216405,0.00062190485,0.00032252358,0.14616041,0
base_model.model.model.layers.14.self_attn.k_proj.lora_A.weight,k_proj,attention,A,16x2560,40960,-3.6256413e-05,0.011432365,-0.020291483,0.020287491,0.0099110186,2.3137593,0
base_model.model.model.layers.14.self_attn.k_proj.lora_B.weight,k_proj,attention,B,1024x16,16384,-1.0032849e-06,0.00036122193,-0.00062158483,0.00061601098,0.00031480231,0.04623659,0
base_model.model.model.layers.14.self_attn.o_proj.lora_A.weight,o_proj,attention,A,16x4096,65536,2.235928e-05,0.0090395957,-0.016141729,0.016141875,0.0078259017,2.3141437,0
base_model.model.model.layers.14.self_attn.o_proj.lora_B.weight,o_proj,attention,B,2560x16,40960,4.0482965e-07,0.00037509867,-0.00062231813,0.00062365574,0.00032372582,0.075914674,0
base_model.model.model.layers.14.self_attn.q_proj.lora_A.weight,q_proj,attention,A,16x2560,40960,-0.00010516299,0.011399562,-0.020282239,0.020285664,0.0098672159,2.3072069,0
base_model.model.model.layers.14.self_attn.q_proj.lora_B.weight,q_proj,attention,B,4096x16,65536,1.3159522e-06,0.00035824455,-0.00061952608,0.00061855081,0.00031119821,0.091711253,0
base_model.model.model.layers.14.self_attn.v_proj.lora_A.weight,v_proj,attention,A,16x2560,40960,5.0846087e-05,0.011432143,-0.02029323,0.020289186,0.0098939091,2.3137257,0
base_model.model.model.layers.14.self_attn.v_proj.lora_B.weight,v_proj,attention,B,1024x16,16384,3.4038305e-06,0.00037488528,-0.00062070211,0.00061632926,0.00032750497,0.047987297,0
base_model.model.model.layers.15.mlp.down_proj.lora_A.weight,down_proj,mlp,A,16x9728,155648,5.1016864e-06,0.0058727604,-0.010654809,0.010647096,0.0050836437,2.3169351,0
base_model.model.model.layers.15.mlp.down_proj.lora_B.weight,down_proj,mlp,B,2560x16,40960,-4.2789208e-07,0.00037066202,-0.00062326062,0.0006228711,0.00031670346,0.075016744,0
base_model.model.model.layers.15.mlp.gate_proj.lora_A.weight,gate_proj,mlp,A,16x2560,40960,2.7958904e-05,0.011411304,-0.020274177,0.020276286,0.0098713726,2.3094923,0
base_model.model.model.layers.15.mlp.gate_proj.lora_B.weight,gate_proj,mlp,B,9728x16,155648,1.4746794e-06,0.00036778467,-0.00062330248,0.00062277506,0.0003199555,0.14510047,0
base_model.model.model.layers.15.mlp.up_proj.lora_A.weight,up_proj,mlp,A,16x2560,40960,-0.00012496141,0.011427393,-0.020289194,0.020292556,0.0099034399,2.3128798,0
base_model.model.model.layers.15.mlp.up_proj.lora_B.weight,up_proj,mlp,B,9728x16,155648,-3.7563532e-07,0.0003716292,-0.00062347908,0.00062128797,0.00032277278,0.14661619,0
base_model.model.model.layers.15.self_attn.k_proj.lora_A.weight,k_proj,attention,A,16x2560,40960,2.5475241e-05,0.011425773,-0.020285858,0.020287571,0.0099013627,2.3124197,0
base_model.model.model.layers.15.self_attn.k_proj.lora_B.weight,k_proj,attention,B,1024x16,16384,9.8190026e-07,0.00037017206,-0.00061616785,0.00061681215,0.0003238616,0.047382195,0
base_model.model.model.layers.15.self_attn.o_proj.lora_A.weight,o_proj,attention,A,16x4096,65536,1.4940377e-05,0.0090380888,-0.016142331,0.016141288,0.0078219958,2.3137527,0
base_model.model.model.layers.15.self_attn.o_proj.lora_B.weight,o_proj,attention,B,2560x16,40960,-4.3490599e-07,0.00036963253,-0.0006217999,0.0006211414,0.00031625931,0.074808404,0
base_model.model.model.layers.15.self_attn.q_proj.lora_A.weight,q_proj,attention,A,16x2560,40960,-0.00012513025,0.011430634,-0.02028372,0.020294625,0.0099073812,2.3135359,0
base_model.model.model.layers.15.self_attn.q_proj.lora_B.weight,q_proj,attention,B,4096x16,65536,-3.0960177e-07,0.00037250601,-0.00062109937,0.0006204322,0.0003252383,0.095361546,0
base_model.model.model.layers.15.self_attn.v_proj.lora_A.weight,v_proj,attention,A,16x2560,40960,3.8291786e-05,0.011405255,-0.020289931,0.02028973,0.0098813295,2.3082747,0
base_model.model.model.layers.15.self_attn.v_proj.lora_B.weight,v_proj,attention,B,1024x16,16384,-2.019864e-06,0.0003797813,-0.00061882695,0.0006190156,0.00033101652,0.048612695,0
base_model.model.model.layers.16.mlp.down_proj.lora_A.weight,down_proj,mlp,A,16x9728,155648,4.8642773e-06,0.0058946069,-0.01064962,0.010652388,0.0051050508,2.3255541,0
base_model.model.model.layers.16.mlp.down_proj.lora_B.weight,down_proj,mlp,B,2560x16,40960,-1.6432254e-07,0.000369866,-0.00062498968,0.00062383682,0.0003166487,0.074855641,0
base_model.model.model.layers.16.mlp.gate_proj.lora_A.weight,gate_proj,mlp,A,16x2560,40960,-3.3062628e-05,0.011429918,-0.020287717,0.020290744,0.0098905854,2.3132622,0
base_model.model.model.layers.16.mlp.gate_proj.lora_B.weight,gate_proj,mlp,B,9728x16,155648,7.5766178e-07,0.00037159584,-0.00062435062,0.00062605093,0.00032321697,0.14660315,0
base_model.model.model.layers.16.mlp.up_proj.lora_A.weight,up_proj,mlp,A,16x2560,40960,-0.00011041844,0.011446064,-0.020287301,0.020280104,0.0099235892,2.3166282,0
base_model.model.model.layers.16.mlp.up_proj.lora_B.weight,up_proj,mlp,B,9728x16,155648,1.0605811e-06,0.00036934065,-0.00062097318,0.00062105688,0.000319761,0.14571367,0
base_model.model.model.layers.16.self_attn.k_proj.lora_A.weight,k_proj,attention,A,16x2560,40960,-2.0631689e-05,0.011416695,-0.020289872,0.020282194,0.00987131,2.3105803,0
base_model.model.model.layers.16.self_attn.k_proj.lora_B.weight,k_proj,attention,B,1024x16,16384,-1.856381e-08,0.00038918332,-0.00062031834,0.00062017475,0.00034541995,0.049815465,0
base_model.model.model.layers.16.self_attn.o_proj.lora_A.weight,o_proj,attention,A,16x4096,65536,1.4874729e-05,0.0090370988,-0.016129019,0.016142488,0.0078276685,2.3134995,0
base_model.model.model.layers.16.self_attn.o_proj.lora_B.weight,o_proj,attention,B,2560x16,40960,1.1393028e-07,0.000363898,-0.00062369724,0.00062212278,0.00030927998,0.07364779,0
base_model.model.model.layers.16.self_attn.q_proj.lora_A.weight,q_proj,attention,A,16x2560,40960,-3.1077223e-05,0.011460494,-0.020287327,0.020294042,0.0099301547,2.3194497,0
base_model.model.model.layers.16.self_attn.q_proj.lora_B.weight,q_proj,attention,B,4096x16,65536,2.3806567e-06,0.00037606346,-0.00061992207,0.0006210896,0.00032910926,0.09627413,0
base_model.model.model.layers.16.self_attn.v_proj.lora_A.weight,v_proj,attention,A,16x2560,40960,-1.5739302e-05,0.011423404,-0.02028889,0.020292779,0.0098924421,2.3119361,0
base_model.model.model.layers.16.self_attn.v_proj.lora_B.weight,v_proj,attention,B,1024x16,16384,2.9526364e-06,0.00036893834,-0.0006178341,0.00061772246,0.00031788813,0.047225621,0
base_model.model.model.layers.17.mlp.down_proj.lora_A.weight,down_proj,mlp,A,16x9728,155648,1.4172299e-05,0.0058747577,-0.010653934,0.010652643,0.0050865137,2.3177292,0
base_model.model.model.layers.17.mlp.down_proj.lora_B.weight,down_proj,mlp,B,2560x16,40960,-6.5380146e-07,0.00037650534,-0.00062424928,0.00062491448,0.00032184094,0.07619942,0
base_model.model.model.layers.17.mlp.gate_proj.lora_A.weight,gate_proj,mlp,A,16x2560,40960,-6.8123351e-05,0.011441086,-0.020294137,0.020295393,0.0099096939,2.3155537,0
base_model.model.model.layers.17.mlp.gate_proj.lora_B.weight,gate_proj,mlp,B,9728x16,155648,-7.7545212e-07,0.00037602903,-0.00062441628,0.00062356243,0.00032895103,0.14835215,0
base_model.model.model.layers.17.mlp.up_proj.lora_A.weight,up_proj,mlp,A,16x2560,40960,-3.958548e-05,0.011453119,-0.02028165,0.020285765,0.0099233165,2.3179626,0
base_model.model.model.layers.17.mlp.up_proj.lora_B.weight,up_proj,mlp,B,9728x16,155648,4.0448223e-09,0.00037665752,-0.00062386465,0.00062353024,0.0003272422,0.14859983,0
base_model.model.model.layers.17.self_attn.k_proj.lora_A.weight,k_proj,attention,A,16x2560,40960,3.8234884e-05,0.011399973,-0.020293176,0.020281583,0.0098702602,2.307205,0
base_model.model.model.layers.17.self_attn.k_proj.lora_B.weight,k_proj,attention,B,1024x16,16384,1.8431274e-06,0.0003808511,-0.0006184511,0.00061955542,0.00033344617,0.048749506,0
base_model.model.model.layers.17.self_attn.o_proj.lora_A.weight,o_proj,attention,A,16x4096,65536,2.2502467e-05,0.0090115024,-0.016147038,0.016138857,0.0078006652,2.306952,0
base_model.model.model.layers.17.self_attn.o_proj.lora_B.weight,o_proj,attention,B,2560x16,40960,2.9958309e-07,0.00036209277,-0.00062161352,0.00062225171,0.00030768518,0.073282443,0
base_model.model.model.layers.17.self_attn.q_proj.lora_A.weight,q_proj,attention,A,16x2560,40960,-4.4527744e-05,0.011429992,-0.020287182,0.020286525,0.0098895147,2.3132849,0
base_model.model.model.layers.17.self_attn.q_proj.lora_B.weight,q_proj,attention,B,4096x16,65536,-3.7964014e-07,0.00036955666,-0.00062080845,0.00062036584,0.00032198598,0.094606556,0
base_model.model.model.layers.17.self_attn.v_proj.lora_A.weight,v_proj,attention,A,16x2560,40960,-8.3884792e-05,0.01145397,-0.020296184,0.020289743,0.0099320203,2.3181825,0
base_model.model.model.layers.17.self_attn.v_proj.lora_B.weight,v_proj,attention,B,1024x16,16384,-1.9564766e-07,0.00038591333,-0.00062068459,0.00062003062,0.00033733409,0.049396925,0
base_model.model.model.layers.18.mlp.down_proj.lora_A.weight,down_proj,mlp,A,16x9728,155648,1.8550127e-05,0.0058780797,-0.010654169,0.010648818,0.0050856632,2.3190455,0
base_model.model.model.layers.18.mlp.down_proj.lora_B.weight,down_proj,mlp,B,2560x16,40960,-1.6672257e-07,0.00038633178,-0.00062387966,0.00062399684,0.00033424238,0.078188069,0
base_model.model.model.layers.18.mlp.gate_proj.lora_A.weight,gate_proj,mlp,A,16x2560,40960,0.00016172515,0.011392084,-0.02029274,0.020294748,0.0098675162,2.3058286,0
base_model.model.model.layers.18.mlp.gate_proj.lora_B.weight,gate_proj,mlp,B,9728x16,155648,-4.7810727e-07,0.00038232724,-0.00062551379,0.00062560587,0.00033557381,0.15083678,0
base_model.model.model.layers.18.mlp.up_proj.lora_A.weight,up_proj,mlp,A,16x2560,40960,-2.113033e-05,0.011422525,-0.020288907,0.020292293,0.0098830879,2.3117602,0
base_model.model.model.layers.18.mlp.up_proj.lora_B.weight,up_proj,mlp,B,9728x16,155648,-3.6880596e-08,0.00038048089,-0.00062367512,0.00062235689,0.00033225153,0.1501082,0
base_model.model.model.layers.18.self_attn.k_proj.lora_A.weight,k_proj,attention,A,16x2560,40960,9.3928633e-05,0.011464613,-0.020295847,0.020286541,0.0099332958,2.3203537,0
base_model.model.model.layers.18.self_attn.k_proj.lora_B.weight,k_proj,attention,B,1024x16,16384,-5.8629126e-07,0.00036517592,-0.00061896909,0.00061945163,0.00031778091,0.046742573,0
base_model.model.model.layers.18.self_attn.o_proj.lora_A.weight,o_proj,attention,A,16x4096,65536,-1.9764968e-05,0.0090464707,-0.016146328,0.01614215,0.0078338459,2.315902,0
base_model.model.model.layers.18.self_attn.o_proj.lora_B.weight,o_proj,attention,B,2560x16,40960,-1.115084e-06,0.00037285039,-0.00062413345,0.00062553794,0.00031822259,0.075459942,0
base_model.model.model.layers.18.self_attn.q_proj.lora_A.weight,q_proj,attention,A,16x2560,40960,-2.3822449e-05,0.011430325,-0.020285081,0.020278327,0.0098932438,2.3133402,0
base_model.model.model.layers.18.self_attn.q_proj.lora_B.weight,q_proj,attention,B,4096x16,65536,-6.2873255e-07,0.00036794721,-0.00061843282,0.00062048715,0.0003192774,0.094194606,0
base_model.model.model.layers.18.self_attn.v_proj.lora_A.weight,v_proj,attention,A,16x2560,40960,2.7158507e-05,0.011447507,-0.020295775,0.020290243,0.0099203318,2.3168187,0
base_model.model.model.layers.18.self_attn.v_proj.lora_B.weight,v_proj,attention,B,1024x16,16384,1.0663476e-06,0.00037131042,-0.00062250817,0.00062133075,0.00032060302,0.047527928,0
base_model.model.model.layers.19.mlp.down_proj.lora_A.weight,down_proj,mlp,A,16x9728,155648,8.6703512e-06,0.0058725891,-0.010654956,0.01065058,0.0050803199,2.3168685,0
base_model.model.model.layers.19.mlp.down_proj.lora_B.weight,down_proj,mlp,B,2560x16,40960,2.454868e-07,0.0003869209,-0.00062481634,0.00062556344,0.00033638701,0.078307286,0
base_model.model.model.layers.19.mlp.gate_proj.lora_A.weight,gate_proj,mlp,A,16x2560,40960,-2.3555709e-05,0.011424181,-0.020290615,0.020292552,0.0098872364,2.3120959,0
base_model.model.model.layers.19.mlp.gate_proj.lora_B.weight,gate_proj,mlp,B,9728x16,155648,-1.0830732e-06,0.00038553937,-0.00062421808,0.00062619266,0.00033972008,0.15210453,0
base_model.model.model.layers.19.mlp.up_proj.lora_A.weight,up_proj,mlp,A,16x2560,40960,-3.6172751e-06,0.011459625,-0.02028944,0.020292725,0.0099270254,2.3192651,0
base_model.model.model.layers.19.mlp.up_proj.lora_B.weight,up_proj,mlp,B,9728x16,155648,9.1386863e-07,0.00038412583,-0.0006236732,0.00062419917,0.00033722122,0.15154666,0
base_model.model.model.layers.19.self_attn.k_proj.lora_A.weight,k_proj,attention,A,16x2560,40960,8.1730912e-05,0.011426082,-0.020269383,0.020279514,0.0099065453,2.312536,0
base_model.model.model.layers.19.self_attn.k_proj.lora_B.weight,k_proj,attention,B,1024x16,16384,1.4705425e-06,0.00037958298,-0.00061829475,0.00061759708,0.00033166367,0.048586987,0
base_model.model.model.layers.19.self_attn.o_proj.lora_A.weight,o_proj,attention,A,16x4096,65536,8.538262e-05,0.0090548536,-0.016142534,0.01614395,0.0078334045,2.318145,0
base_model.model.model.layers.19.self_attn.o_proj.lora_B.weight,o_proj,attention,B,2560x16,40960,1.108623e-06,0.00039188607,-0.00062358199,0.00062444346,0.00034129336,0.079312481,0
base_model.model.model.layers.19.self_attn.q_proj.lora_A.weight,q_proj,attention,A,16x2560,40960,0.00012141592,0.011419892,-0.020288171,0.020296572,0.0098926648,2.3113539,0
base_model.model.model.layers.19.self_attn.q_proj.lora_B.weight,q_proj,attention,B,4096x16,65536,6.3796324e-07,0.0003813346,-0.00062146905,0.00062292861,0.00033391299,0.097621799,0
base_model.model.model.layers.19.self_attn.v_proj.lora_A.weight,v_proj,attention,A,16x2560,40960,0.00011748962,0.01140682,-0.020292539,0.020292524,0.0098663256,2.3087001,0
base_model.model.model.layers.19.self_attn.v_proj.lora_B.weight,v_proj,attention,B,1024x16,16384,1.844383e-06,0.00038479234,-0.00062212051,0.00061943237,0.00033564738,0.049253982,0
base_model.model.model.layers.2.mlp.down_proj.lora_A.weight,down_proj,mlp,A,16x9728,155648,-2.0920522e-06,0.0058826525,-0.010639324,0.010647339,0.0050979523,2.3208375,0
base_model.model.model.layers.2.mlp.down_proj.lora_B.weight,down_proj,mlp,B,2560x16,40960,7.6521275e-07,0.00035826277,-0.00061716023,0.00061595684,0.00030882494,0.072507463,0
base_model.model.model.layers.2.mlp.gate_proj.lora_A.weight,gate_proj,mlp,A,16x2560,40960,-0.00011303088,0.011412296,-0.020285349,0.020279067,0.0098658241,2.3097997,0
base_model.model.model.layers.2.mlp.gate_proj.lora_B.weight,gate_proj,mlp,B,9728x16,155648,-2.5528412e-05,0.00032648677,-0.0006204212,0.00061691849,0.00028568082,0.1291995,0
base_model.model.model.layers.2.mlp.up_proj.lora_A.weight,up_proj,mlp,A,16x2560,40960,2.1089567e-05,0.011409135,-0.020276414,0.020276202,0.0098923296,2.3090501,0
base_model.model.model.layers.2.mlp.up_proj.lora_B.weight,up_proj,mlp,B,9728x16,155648,1.8827454e-07,0.00032906837,-0.00061541528,0.00061751675,0.00029102453,0.12982494,0
base_model.model.model.layers.2.self_attn.k_proj.lora_A.weight,k_proj,attention,A,16x2560,40960,-3.3530792e-05,0.011468027,-0.02025282,0.02026245,0.0099532403,2.3209748,0
base_model.model.model.layers.2.self_attn.k_proj.lora_B.weight,k_proj,attention,B,1024x16,16384,-1.4082268e-06,0.00032761812,-0.00061583822,0.00061193155,0.0002818541,0.041935507,0
base_model.model.model.layers.2.self_attn.o_proj.lora_A.weight,o_proj,attention,A,16x4096,65536,4.3585052e-05,0.009024445,-0.016143735,0.016121734,0.0078115808,2.3102841,0
base_model.model.model.layers.2.self_attn.o_proj.lora_B.weight,o_proj,attention,B,2560x16,40960,7.6325176e-07,0.00034447506,-0.00061529037,0.00061833614,0.0002939461,0.069717027,0
base_model.model.model.layers.2.self_attn.q_proj.lora_A.weight,q_proj,attention,A,16x2560,40960,-1.9838e-05,0.011410154,-0.020281456,0.020264536,0.0098658413,2.3092566,0
base_model.model.model.layers.2.self_attn.q_proj.lora_B.weight,q_proj,attention,B,4096x16,65536,-4.737704e-07,0.00033327661,-0.00062111963,0.00062317541,0.00028770737,0.085318878,0
base_model.model.model.layers.2.self_attn.v_proj.lora_A.weight,v_proj,attention,A,16x2560,40960,-1.2018691e-05,0.011453733,-0.020274993,0.020279931,0.0099186495,2.3180749,0
base_model.model.model.layers.2.self_attn.v_proj.lora_B.weight,v_proj,attention,B,1024x16,16384,-1.1529746e-06,0.00034711175,-0.00060847914,0.00060872303,0.00029927513,0.04443055,0
base_model.model.model.layers.20.mlp.down_proj.lora_A.weight,down_proj,mlp,A,16x9728,155648,-2.6008642e-05,0.0058895238,-0.010648035,0.010649997,0.0051009212,2.3235705,0
base_model.model.model.layers.20.mlp.down_proj.lora_B.weight,down_proj,mlp,B,2560x16,40960,-4.1255961e-07,0.00039228299,-0.00062595459,0.00062382588,0.00034269912,0.079392537,0
base_model.model.model.layers.20.mlp.gate_proj.lora_A.weight,gate_proj,mlp,A,16x2560,40960,-8.5318352e-05,0.011418651,-0.020288697,0.02029524,0.0098780096,2.3110366,0
base_model.model.model.layers.20.mlp.gate_proj.lora_B.weight,gate_proj,mlp,B,9728x16,155648,6.3090042e-08,0.0003831127,-0.00062434224,0.00062414206,0.00033686188,0.15114643,0
base_model.model.model.layers.20.mlp.up_proj.lora_A.weight,up_proj,mlp,A,16x2560,40960,8.6644854e-05,0.011490729,-0.02028884,0.020276638,0.0099696457,2.3256254,0
base_model.model.model.layers.20.mlp.up_proj.lora_B.weight,up_proj,mlp,B,9728x16,155648,-4.3818812e-07,0.00038664241,-0.00062233722,0.00062230794,0.00034044982,0.15253922,0
base_model.model.model.layers.20.self_attn.k_proj.lora_A.weight,k_proj,attention,A,16x2560,40960,2.3641687e-05,0.011431067,-0.020282969,0.020276086,0.0098978683,2.3134894,0
base_model.model.model.layers.20.self_attn.k_proj.lora_B.weight,k_proj,attention,B,1024x16,16384,6.3906992e-07,0.00037912294,-0.00061970222,0.00061687874,0.00033585308,0.048527811,0
base_model.model.model.layers.20.self_attn.o_proj.lora_A.weight,o_proj,attention,A,16x4096,65536,-9.3355657e-06,0.0090120304,-0.016143929,0.016140757,0.0077987416,2.3070803,0
base_model.model.model.layers.20.self_attn.o_proj.lora_B.weight,o_proj,attention,B,2560x16,40960,-1.1602972e-06,0.00038452208,-0.0006228594,0.00062303949,0.00033428071,0.077822126,0
base_model.model.model.layers.20.self_attn.q_proj.lora_A.weight,q_proj,attention,A,16x2560,40960,3.1242751e-05,0.011387547,-0.020282865,0.020286944,0.009847796,2.3046858,0
base_model.model.model.layers.20.self_attn.q_proj.lora_B.weight,q_proj,attention,B,4096x16,65536,-4.0866399e-07,0.00037672999,-0.00061922846,0.00061892095,0.00033068159,0.096442938,0
base_model.model.model.layers.20.self_attn.v_proj.lora_A.weight,v_proj,attention,A,16x2560,40960,-1.4991989e-05,0.011444253,-0.020289717,0.020283939,0.0099166587,2.3161557,0
base_model.model.model.layers.20.self_attn.v_proj.lora_B.weight,v_proj,attention,B,1024x16,16384,-7.1187912e-07,0.00038917144,-0.00062004005,0.00061930262,0.00034331746,0.049814019,0
base_model.model.model.layers.21.mlp.down_proj.lora_A.weight,down_proj,mlp,A,16x9728,155648,-3.0624211e-05,0.0058858306,-0.01065,0.010649407,0.0050952952,2.3221216,0
base_model.model.model.layers.21.mlp.down_proj.lora_B.weight,down_proj,mlp,B,2560x16,40960,3.3246181e-08,0.0004032428,-0.00062290032,0.00062354747,0.00035566709,0.081610613,0
base_model.model.model.layers.21.mlp.gate_proj.lora_A.weight,gate_proj,mlp,A,16x2560,40960,5.7659026e-06,0.011494863,-0.020290097,0.020289157,0.00995434,2.3263969,0
base_model.model.model.layers.21.mlp.gate_proj.lora_B.weight,gate_proj,mlp,B,9728x16,155648,-7.1887234e-07,0.00039495638,-0.0006231055,0.00062308623,0.00035157417,0.15581924,0
base_model.model.model.layers.21.mlp.up_proj.lora_A.weight,up_proj,mlp,A,16x2560,40960,-2.7481708e-05,0.01140208,-0.020289799,0.020293877,0.0098728225,2.3076255,0
base_model.model.model.layers.21.mlp.up_proj.lora_B.weight,up_proj,mlp,B,9728x16,155648,2.3526272e-06,0.00039532525,-0.00062214601,0.00062307343,0.00035098195,0.15596737,0
base_model.model.model.layers.21.self_attn.k_proj.lora_A.weight,k_proj,attention,A,16x2560,40960,4.3295568e-05,0.011394885,-0.020291556,0.020288823,0.009857396,2.3061786,0
base_model.model.model.layers.21.self_attn.k_proj.lora_B.weight,k_proj,attention,B,1024x16,16384,-1.5966759e-06,0.000374019,-0.00061805407,0.00061797985,0.00032792252,0.047874864,0
base_model.model.model.layers.21.self_attn.o_proj.lora_A.weight,o_proj,attention,A,16x4096,65536,-4.1344356e-07,0.0090259723,-0.016145982,0.016141523,0.0078113936,2.3106487,0
base_model.model.model.layers.21.self_attn.o_proj.lora_B.weight,o_proj,attention,B,2560x16,40960,-1.5084886e-06,0.00038846466,-0.00062383455,0.00062311662,0.00033804195,0.0786203,0
base_model.model.model.layers.21.self_attn.q_proj.lora_A.weight,q_proj,attention,A,16x2560,40960,7.1336485e-06,0.011427118,-0.020260772,0.020264797,0.0098979168,2.3126872,0
base_model.model.model.layers.21.self_attn.q_proj.lora_B.weight,q_proj,attention,B,4096x16,65536,-2.193751e-07,0.00037565079,-0.00061795505,0.00061835436,0.00033008101,0.096166566,0
base_model.model.model.layers.21.self_attn.v_proj.lora_A.weight,v_proj,attention,A,16x2560,40960,6.3300213e-05,0.011420234,-0.020289743,0.020289352,0.0098901317,2.3113279,0
base_model.model.model.layers.21.self_attn.v_proj.lora_B.weight,v_proj,attention,B,1024x16,16384,6.5147383e-06,0.00039862143,-0.00061847549,0.00061627687,0.00035425797,0.05103036,0
base_model.model.model.layers.22.mlp.down_proj.lora_A.weight,down_proj,mlp,A,16x9728,155648,2.1455615e-05,0.0058793253,-0.010654914,0.010653565,0.0050868815,2.3195426,0
base_model.model.model.layers.22.mlp.down_proj.lora_B.weight,down_proj,mlp,B,2560x16,40960,-1.3429733e-06,0.00041055391,-0.00062350789,0.00062375376,0.00036343022,0.083090715,0
base_model.model.model.layers.22.mlp.gate_proj.lora_A.weight,gate_proj,mlp,A,16x2560,40960,5.2081799e-05,0.011446158,-0.020292699,0.020292653,0.009912014,2.3165631,0
base_model.model.model.layers.22.mlp.gate_proj.lora_B.weight,gate_proj,mlp,B,9728x16,155648,1.3553295e-06,0.00040176159,-0.00062402041,0.00062413147,0.0003585974,0.15850475,0
base_model.model.model.layers.22.mlp.up_proj.lora_A.weight,up_proj,mlp,A,16x2560,40960,-4.8174796e-05,0.011435217,-0.020285504,0.020293944,0.0099087127,2.3143449,0
base_model.model.model.layers.22.mlp.up_proj.lora_B.weight,up_proj,mlp,B,9728x16,155648,-3.2048965e-07,0.00040030482,-0.00062282057,0.00062271854,0.00035622402,0.15792927,0
base_model.model.model.layers.22.self_attn.k_proj.lora_A.weight,k_proj,attention,A,16x2560,40960,4.2921929e-05,0.011406343,-0.020279944,0.020287627,0.0098655544,2.3084974,0
base_model.model.model.layers.22.self_attn.k_proj.lora_B.weight,k_proj,attention,B,1024x16,16384,1.2601386e-06,0.00039189609,-0.00061921019,0.00061858969,0.00034840603,0.050162949,0
base_model.model.model.layers.22.self_attn.o_proj.lora_A.weight,o_proj,attention,A,16x4096,65536,5.2210409e-05,0.0090379538,-0.016143313,0.016144382,0.0078299977,2.3137543,0
base_model.model.model.layers.22.self_attn.o_proj.lora_B.weight,o_proj,attention,B,2560x16,40960,2.4683811e-07,0.0004026859,-0.00062302069,0.00062364002,0.00035376793,0.0814979,0
base_model.model.model.layers.22.self_attn.q_proj.lora_A.weight,q_proj,attention,A,16x2560,40960,9.0230724e-06,0.01138466,-0.020271948,0.020279448,0.0098537862,2.3040941,0
base_model.model.model.layers.22.self_attn.q_proj.lora_B.weight,q_proj,attention,B,4096x16,65536,4.1110638e-08,0.00037830407,-0.00062194606,0.00061995303,0.00033342413,0.096845858,0
base_model.model.model.layers.22.self_attn.v_proj.lora_A.weight,v_proj,attention,A,16x2560,40960,2.7793954e-05,0.011442615,-0.020295048,0.02029416,0.0099052086,2.3158298,0
base_model.model.model.layers.22.self_attn.v_proj.lora_B.weight,v_proj,attention,B,1024x16,16384,5.5311693e-07,0.00040470352,-0.00061968976,0.00062020915,0.00035853931,0.051802095,0
base_model.model.model.layers.23.mlp.down_proj.lora_A.weight,down_proj,mlp,A,16x9728,155648,1.663265e-05,0.005887839,-0.010654047,0.01065552,0.0051002161,2.3228927,0
base_model.model.model.layers.23.mlp.down_proj.lora_B.weight,down_proj,mlp,B,2560x16,40960,1.8445993e-06,0.0004108969,-0.00062508031,0.00062262896,0.00036445446,0.083160549,0
base_model.model.model.layers.23.mlp.gate_proj.lora_A.weight,gate_proj,mlp,A,16x2560,40960,5.836261e-05,0.011454286,-0.020293863,0.020295821,0.009926948,2.3182139,0
base_model.model.model.layers.23.mlp.gate_proj.lora_B.weight,gate_proj,mlp,B,9728x16,155648,5.2140945e-07,0.00040272498,-0.00062592799,0.00062422373,0.00036007004,0.15888423,0
base_model.model.model.layers.23.mlp.up_proj.lora_A.weight,up_proj,mlp,A,16x2560,40960,-9.2443093e-05,0.011439939,-0.020290511,0.020297257,0.0099057734,2.3153558,0
base_model.model.model.layers.23.mlp.up_proj.lora_B.weight,up_proj,mlp,B,9728x16,155648,-9.7489863e-07,0.00040137072,-0.00062331004,0.00062374113,0.00035775436,0.15835015,0
base_model.model.model.layers.23.self_attn.k_proj.lora_A.weight,k_proj,attention,A,16x2560,40960,5.6426052e-05,0.01140867,-0.020286473,0.020285483,0.00988473,2.3089807,0
base_model.model.model.layers.23.self_attn.k_proj.lora_B.weight,k_proj,attention,B,1024x16,16384,-2.4844853e-06,0.00039379529,-0.00061763771,0.00062111212,0.00035018017,0.050406788,0
base_model.model.model.layers.23.self_attn.o_proj.lora_A.weight,o_proj,attention,A,16x4096,65536,3.2322096e-05,0.0090545127,-0.016145244,0.016145077,0.0078319069,2.317971,0
base_model.model.model.layers.23.self_attn.o_proj.lora_B.weight,o_proj,attention,B,2560x16,40960,-1.6286604e-06,0.00040601724,-0.00062497624,0.00062543945,0.0003585394,0.082172759,0
base_model.model.model.layers.23.self_attn.q_proj.lora_A.weight,q_proj,attention,A,16x2560,40960,-7.4359923e-05,0.011430597,-0.020291686,0.020298386,0.0098894551,2.3134387,0
base_model.model.model.layers.23.self_attn.q_proj.lora_B.weight,q_proj,attention,B,4096x16,65536,-9.9351746e-07,0.00040326564,-0.00062275986,0.00062340114,0.00035903725,0.10323631,0
base_model.model.model.layers.23.self_attn.v_proj.lora_A.weight,v_proj,attention,A,16x2560,40960,1.05307e-05,0.011401989,-0.020294035,0.020294914,0.0098677836,2.307601,0
base_model.model.model.layers.23.self_attn.v_proj.lora_B.weight,v_proj,attention,B,1024x16,16384,1.430042e-07,0.00040899293,-0.00062055874,0.0006191975,0.00036567452,0.052351117,0
base_model.model.model.layers.24.mlp.down_proj.lora_A.weight,down_proj,mlp,A,16x9728,155648,-3.3949127e-06,0.0058952034,-0.010652361,0.010654108,0.005105268,2.3257904,0
base_model.model.model.layers.24.mlp.down_proj.lora_B.weight,down_proj,mlp,B,2560x16,40960,5.075201e-07,0.00040580102,-0.00062230107,0.00062322174,0.00035980754,0.082128435,0
base_model.model.model.layers.24.mlp.gate_proj.lora_A.weight,gate_proj,mlp,A,16x2560,40960,-0.00010332328,0.011399345,-0.020296071,0.02029559,0.0098662458,2.3071599,0
base_model.model.model.layers.24.mlp.gate_proj.lora_B.weight,gate_proj,mlp,B,9728x16,155648,-1.9478018e-06,0.00040136368,-0.00062450697,0.00062353129,0.00035934052,0.1583488,0
base_model.model.model.layers.24.mlp.up_proj.lora_A.weight,up_proj,mlp,A,16x2560,40960,3.7630245e-05,0.011467444,-0.020295888,0.020289173,0.0099301383,2.3208594,0
base_model.model.model.layers.24.mlp.up_proj.lora_B.weight,up_proj,mlp,B,9728x16,155648,2.5703357e-06,0.0004068916,-0.0006241682,0.00062277488,0.00036342535,0.16053113,0
base_model.model.model.layers.24.self_attn.k_proj.lora_A.weight,k_proj,attention,A,16x2560,40960,-4.8732298e-05,0.011424918,-0.020290622,0.020287,0.0099076122,2.3122618,0
base_model.model.model.layers.24.self_attn.k_proj.lora_B.weight,k_proj,attention,B,1024x16,16384,1.8286262e-06,0.00039647546,-0.00062228617,0.00062026177,0.00035358156,0.050749388,0
base_model.model.model.layers.24.self_attn.o_proj.lora_A.weight,o_proj,attention,A,16x4096,65536,4.1546526e-05,0.0090606101,-0.016147327,0.016146913,0.0078421608,2.3195395,0
base_model.model.model.layers.24.self_attn.o_proj.lora_B.weight,o_proj,attention,B,2560x16,40960,-3.622867e-07,0.00041236661,-0.00062441063,0.00062417326,0.00036563075,0.083457172,0
base_model.model.model.layers.24.self_attn.q_proj.lora_A.weight,q_proj,attention,A,16x2560,40960,5.1268871e-06,0.011438141,-0.020294448,0.020290934,0.0099107921,2.3149171,0
base_model.model.model.layers.24.self_attn.q_proj.lora_B.weight,q_proj,attention,B,4096x16,65536,-1.5241574e-06,0.00039524003,-0.00062294945,0.00062472105,0.00035118294,0.10118221,0
base_model.model.model.layers.24.self_attn.v_proj.lora_A.weight,v_proj,attention,A,16x2560,40960,4.8413978e-05,0.011436917,-0.020290175,0.020295668,0.0099045068,2.3146901,0
base_model.model.model.layers.24.self_attn.v_proj.lora_B.weight,v_proj,attention,B,1024x16,16384,-2.6457724e-06,0.00040738139,-0.0006193954,0.0006194798,0.00036455513,0.05214591,0
base_model.model.model.layers.25.mlp.down_proj.lora_A.weight,down_proj,mlp,A,16x9728,155648,3.2495314e-05,0.0058745402,-0.010653272,0.010653558,0.0050834441,2.3176718,0
base_model.model.model.layers.25.mlp.down_proj.lora_B.weight,down_proj,mlp,B,2560x16,40960,3.4600998e-08,0.00041268329,-0.00062571373,0.0006254132,0.00036652167,0.083521239,0
base_model.model.model.layers.25.mlp.gate_proj.lora_A.weight,gate_proj,mlp,A,16x2560,40960,1.2378762e-06,0.011494154,-0.020292018,0.020290712,0.0099672675,2.3262529,0
base_model.model.model.layers.25.mlp.gate_proj.lora_B.weight,gate_proj,mlp,B,9728x16,155648,-3.2866191e-07,0.00040010575,-0.00062452233,0.00062517397,0.00035889126,0.15785073,0
base_model.model.model.layers.25.mlp.up_proj.lora_A.weight,up_proj,mlp,A,16x2560,40960,-4.4368902e-05,0.011447039,-0.020294406,0.020297233,0.0098959893,2.3167353,0
base_model.model.model.layers.25.mlp.up_proj.lora_B.weight,up_proj,mlp,B,9728x16,155648,-1.0096206e-06,0.00040526982,-0.00062436512,0.0006232583,0.0003624358,0.15988845,0
base_model.model.model.layers.25.self_attn.k_proj.lora_A.weight,k_proj,attention,A,16x2560,40960,-5.354038e-06,0.011443281,-0.020284781,0.02027756,0.0099141374,2.3159575,0
base_model.model.model.layers.25.self_attn.k_proj.lora_B.weight,k_proj,attention,B,1024x16,16384,-3.5810401e-06,0.00038226717,-0.00061727822,0.00062016706,0.00033870633,0.048932329,0
base_model.model.model.layers.25.self_attn.o_proj.lora_A.weight,o_proj,attention,A,16x4096,65536,-6.7083587e-05,0.0090459818,-0.016145995,0.016146787,0.0078319404,2.3158343,0
base_model.model.model.layers.25.self_attn.o_proj.lora_B.weight,o_proj,attention,B,2560x16,40960,-1.4363756e-06,0.0004030439,-0.0006234282,0.00062372995,0.00035750037,0.081570841,0
base_model.model.model.layers.25.self_attn.q_proj.lora_A.weight,q_proj,attention,A,16x2560,40960,6.6878063e-05,0.011442193,-0.020293286,0.02029193,0.0099127159,2.3157766,0
base_model.model.model.layers.25.self_attn.q_proj.lora_B.weight,q_proj,attention,B,4096x16,65536,-1.4432061e-08,0.00039458618,-0.00062079669,0.00062235101,0.00035138827,0.10101407,0
base_model.model.model.layers.25.self_attn.v_proj.lora_A.weight,v_proj,attention,A,16x2560,40960,-7.5913747e-05,0.011402807,-0.020295465,0.020293808,0.0098640166,2.3078156,0
base_model.model.model.layers.25.self_attn.v_proj.lora_B.weight,v_proj,attention,B,1024x16,16384,6.382566e-06,0.00041450461,-0.00062001473,0.00061914185,0.0003713117,0.053062875,0
base_model.model.model.layers.26.mlp.down_proj.lora_A.weight,down_proj,mlp,A,16x9728,155648,1.0505296e-05,0.0058729113,-0.010653474,0.01065291,0.0050823194,2.3169978,0
base_model.model.model.layers.26.mlp.down_proj.lora_B.weight,down_proj,mlp,B,2560x16,40960,1.6089027e-06,0.00041969219,-0.00062399206,0.00062370481,0.00037497776,0.084940352,0
base_model.model.model.layers.26.mlp.gate_proj.lora_A.weight,gate_proj,mlp,A,16x2560,40960,0.00014198074,0.011426909,-0.020296749,0.020296164,0.0098817915,2.3128223,0
base_model.model.model.layers.26.mlp.gate_proj.lora_B.weight,gate_proj,mlp,B,9728x16,155648,4.8607919e-08,0.00040291942,-0.00062372891,0.0006234445,0.00036154178,0.15896073,0
base_model.model.model.layers.26.mlp.up_proj.lora_A.weight,up_proj,mlp,A,16x2560,40960,3.31103e-05,0.01145243,-0.020296261,0.020295547,0.0099197641,2.3178179,0
base_model.model.model.layers.26.mlp.up_proj.lora_B.weight,up_proj,mlp,B,9728x16,155648,-1.3918974e-06,0.00040826024,-0.00062595174,0.00062468008,0.00036662905,0.16106875,0
base_model.model.model.layers.26.self_attn.k_proj.lora_A.weight,k_proj,attention,A,16x2560,40960,-9.121688e-06,0.011391528,-0.02028762,0.020289991,0.0098528266,2.3054845,0
base_model.model.model.layers.26.self_attn.k_proj.lora_B.weight,k_proj,attention,B,1024x16,16384,-8.4617182e-07,0.00039224597,-0.00061924488,0.00061753939,0.00035024624,0.050207596,0
base_model.model.model.layers.26.self_attn.o_proj.lora_A.weight,o_proj,attention,A,16x4096,65536,4.7088474e-06,0.0090464167,-0.016145477,0.01614286,0.0078348927,2.3158827,0
base_model.model.model.layers.26.self_attn.o_proj.lora_B.weight,o_proj,attention,B,2560x16,40960,-2.4169428e-06,0.00041634383,-0.00062416471,0.0006228282,0.00037053837,0.084263459,0
base_model.model.model.layers.26.self_attn.q_proj.lora_A.weight,q_proj,attention,A,16x2560,40960,-4.3325101e-05,0.011422412,-0.020272152,0.020282604,0.0098928154,2.3117509,0
base_model.model.model.layers.26.self_attn.q_proj.lora_B.weight,q_proj,attention,B,4096x16,65536,-7.5643078e-07,0.00040124916,-0.00062069192,0.00062139914,0.00035895564,0.10271996,0
base_model.model.model.layers.26.self_attn.v_proj.lora_A.weight,v_proj,attention,A,16x2560,40960,5.0984461e-05,0.011445193,-0.020295789,0.020295389,0.0098988958,2.3163664,0
base_model.model.model.layers.26.self_attn.v_proj.lora_B.weight,v_proj,attention,B,1024x16,16384,1.1997168e-06,0.00041367477,-0.00062423304,0.00062386296,0.00036919548,0.052950587,0
base_model.model.model.layers.27.mlp.down_proj.lora_A.weight,down_proj,mlp,A,16x9728,155648,1.439595e-05,0.0058791507,-0.010650759,0.010652019,0.0050869129,2.3194633,0
base_model.model.model.layers.27.mlp.down_proj.lora_B.weight,down_proj,mlp,B,2560x16,40960,4.831852e-07,0.00041535232,-0.00062326802,0.00062549161,0.00037044608,0.084061444,0
base_model.model.model.layers.27.mlp.gate_proj.lora_A.weight,gate_proj,mlp,A,16x2560,40960,9.7291049e-06,0.011410386,-0.020295432,0.020296123,0.0098787755,2.3093011,0
base_model.model.model.layers.27.mlp.gate_proj.lora_B.weight,gate_proj,mlp,B,9728x16,155648,-5.1932233e-07,0.00040154587,-0.00062396174,0.00062481791,0.00036114675,0.15841883,0
base_model.model.model.layers.27.mlp.up_proj.lora_A.weight,up_proj,mlp,A,16x2560,40960,-1.387212e-05,0.011451863,-0.020291947,0.02029511,0.0099171057,2.3176959,0
base_model.model.model.layers.27.mlp.up_proj.lora_B.weight,up_proj,mlp,B,9728x16,155648,-2.3573318e-07,0.0004119607,-0.00062378123,0.0006245515,0.00036943758,0.16252774,0
base_model.model.model.layers.27.self_attn.k_proj.lora_A.weight,k_proj,attention,A,16x2560,40960,5.5078377e-05,0.011438012,-0.020295378,0.020296201,0.0099047683,2.3149168,0
base_model.model.model.layers.27.self_attn.k_proj.lora_B.weight,k_proj,attention,B,1024x16,16384,-5.4911798e-06,0.00041328411,-0.00062135304,0.00062001712,0.00037144899,0.052905027,0
base_model.model.model.layers.27.self_attn.o_proj.lora_A.weight,o_proj,attention,A,16x4096,65536,1.1116559e-05,0.0090502165,-0.016146893,0.016147876,0.0078371149,2.3168561,0
base_model.model.model.layers.27.self_attn.o_proj.lora_B.weight,o_proj,attention,B,2560x16,40960,2.0973129e-08,0.00042128481,-0.00062430883,0.00062397431,0.00037569711,0.085262038,0
base_model.model.model.layers.27.self_attn.q_proj.lora_A.weight,q_proj,attention,A,16x2560,40960,-0.00016690358,0.011442054,-0.020294113,0.020298062,0.0099156655,2.3159556,0
base_model.model.model.layers.27.self_attn.q_proj.lora_B.weight,q_proj,attention,B,4096x16,65536,-5.225553e-07,0.00041626382,-0.00062187709,0.00062164216,0.00037587647,0.10656365,0
base_model.model.model.layers.27.self_attn.v_proj.lora_A.weight,v_proj,attention,A,16x2560,40960,2.4168693e-07,0.011469465,-0.020297484,0.020295164,0.0099386111,2.3212564,0
base_model.model.model.layers.27.self_attn.v_proj.lora_B.weight,v_proj,attention,B,1024x16,16384,2.4028466e-06,0.00042248701,-0.00062099047,0.00061967009,0.00037845684,0.054079212,0
base_model.model.model.layers.28.mlp.down_proj.lora_A.weight,down_proj,mlp,A,16x9728,155648,-5.5165574e-06,0.0058794394,-0.010651539,0.010651066,0.005085971,2.3195693,0
base_model.model.model.layers.28.mlp.down_proj.lora_B.weight,down_proj,mlp,B,2560x16,40960,-1.1367835e-06,0.00042366586,-0.00062346266,0.00062467332,0.00037954494,0.085744262,0
base_model.model.model.layers.28.mlp.gate_proj.lora_A.weight,gate_proj,mlp,A,16x2560,40960,-4.9920265e-05,0.011447132,-0.02029657,0.020294677,0.0099092633,2.3167584,0
base_model.model.model.layers.28.mlp.gate_proj.lora_B.weight,gate_proj,mlp,B,9728x16,155648,1.322009e-07,0.00040566167,-0.00062541571,0.00062514475,0.00036476474,0.16004263,0
base_model.model.model.layers.28.mlp.up_proj.lora_A.weight,up_proj,mlp,A,16x2560,40960,5.2370095e-05,0.011455821,-0.020294124,0.020290677,0.0099131554,2.3185196,0
base_model.model.model.layers.28.mlp.up_proj.lora_B.weight,up_proj,mlp,B,9728x16,155648,-1.6360937e-06,0.00041101166,-0.00062462973,0.00062346237,0.00036879575,0.16215453,0
base_model.model.model.layers.28.self_attn.k_proj.lora_A.weight,k_proj,attention,A,16x2560,40960,4.4528941e-05,0.011430221,-0.020290662,0.020293711,0.0098996192,2.3133314,0
base_model.model.model.layers.28.self_attn.k_proj.lora_B.weight,k_proj,attention,B,1024x16,16384,4.8370612e-06,0.00040562448,-0.00062110549,0.000621046,0.00036447484,0.051923614,0
base_model.model.model.layers.28.self_attn.o_proj.lora_A.weight,o_proj,attention,A,16x4096,65536,-2.1932276e-05,0.009060055,-0.016146826,0.016144577,0.0078487406,2.3193812,0
base_model.model.model.layers.28.self_attn.o_proj.lora_B.weight,o_proj,attention,B,2560x16,40960,6.3299547e-07,0.00042410966,-0.00062367669,0.00062358892,0.00037888777,0.085833848,0
base_model.model.model.layers.28.self_attn.q_proj.lora_A.weight,q_proj,attention,A,16x2560,40960,7.9341626e-05,0.011450713,-0.020286687,0.020284068,0.0099247344,2.3175168,0
base_model.model.model.layers.28.self_attn.q_proj.lora_B.weight,q_proj,attention,B,4096x16,65536,-2.6150508e-07,0.00040344798,-0.00062169699,0.00062096299,0.00036131509,0.10328269,0
base_model.model.model.layers.28.self_attn.v_proj.lora_A.weight,v_proj,attention,A,16x2560,40960,9.2412127e-05,0.011465838,-0.020290064,0.020295149,0.0099372469,2.3205981,0
base_model.model.model.layers.28.self_attn.v_proj.lora_B.weight,v_proj,attention,B,1024x16,16384,1.7935963e-06,0.00042923109,-0.00061995414,0.00061888015,0.000388271,0.054942064,0
base_model.model.model.layers.29.mlp.down_proj.lora_A.weight,down_proj,mlp,A,16x9728,155648,-1.9425956e-06,0.0058873701,-0.010652614,0.010653282,0.0050989962,2.3226988,0
base_model.model.model.layers.29.mlp.down_proj.lora_B.weight,down_proj,mlp,B,2560x16,40960,1.0370532e-06,0.00042565583,-0.00062361598,0.00062357367,0.00038116439,0.086146951,0
base_model.model.model.layers.29.mlp.gate_proj.lora_A.weight,gate_proj,mlp,A,16x2560,40960,-7.5158219e-05,0.011436589,-0.020291928,0.020297321,0.0098978579,2.3146532,0
base_model.model.model.layers.29.mlp.gate_proj.lora_B.weight,gate_proj,mlp,B,9728x16,155648,-1.7320681e-06,0.00040365403,-0.00062587444,0.00062489981,0.00036355755,0.1592519,0
base_model.model.model.layers.29.mlp.up_proj.lora_A.weight,up_proj,mlp,A,16x2560,40960,-9.6414951e-06,0.011431824,-0.020297594,0.020295259,0.0098948613,2.3136389,0
base_model.model.model.layers.29.mlp.up_proj.lora_B.weight,up_proj,mlp,B,9728x16,155648,-7.1005547e-07,0.00041493124,-0.00062496698,0.0006236569,0.00037251798,0.16369988,0
base_model.model.model.layers.29.self_attn.k_proj.lora_A.weight,k_proj,attention,A,16x2560,40960,0.00011707249,0.011426845,-0.020281799,0.02028792,0.0098865613,2.3127518,0
base_model.model.model.layers.29.self_attn.k_proj.lora_B.weight,k_proj,attention,B,1024x16,16384,2.7534816e-06,0.0003948927,-0.0006182497,0.00062165776,0.00035266471,0.050547488,0
base_model.model.model.layers.29.self_attn.o_proj.lora_A.weight,o_proj,attention,A,16x4096,65536,-6.4967448e-05,0.0090533411,-0.016139386,0.016145371,0.007840123,2.3177152,0
base_model.model.model.layers.29.self_attn.o_proj.lora_B.weight,o_proj,attention,B,2560x16,40960,-3.7213215e-07,0.00041795123,-0.00062208471,0.00062282931,0.00037260342,0.084587418,0
base_model.model.model.layers.29.self_attn.q_proj.lora_A.weight,q_proj,attention,A,16x2560,40960,2.8875866e-05,0.011455066,-0.020291073,0.020294577,0.0099229783,2.3183494,0
base_model.model.model.layers.29.self_attn.q_proj.lora_B.weight,q_proj,attention,B,4096x16,65536,1.9953025e-06,0.00039664382,-0.00062394113,0.00062070496,0.00035708689,0.10154209,0
base_model.model.model.layers.29.self_attn.v_proj.lora_A.weight,v_proj,attention,A,16x2560,40960,0.00015024582,0.011439181,-0.020292869,0.020292737,0.0099127576,2.3153269,0
base_model.model.model.layers.29.self_attn.v_proj.lora_B.weight,v_proj,attention,B,1024x16,16384,6.9960231e-07,0.00042401793,-0.00062138756,0.00062364485,0.00038021803,0.054274373,0
base_model.model.model.layers.3.mlp.down_proj.lora_A.weight,down_proj,mlp,A,16x9728,155648,-1.2388015e-05,0.0058773356,-0.010649865,0.010650671,0.0050838276,2.3187456,0
base_model.model.model.layers.3.mlp.down_proj.lora_B.weight,down_proj,mlp,B,2560x16,40960,-5.4808515e-07,0.00036310553,-0.00061671343,0.0006183823,0.00031494943,0.073487461,0
base_model.model.model.layers.3.mlp.gate_proj.lora_A.weight,gate_proj,mlp,A,16x2560,40960,2.053569e-05,0.01140011,-0.020269167,0.020282991,0.0098731875,2.3072243,0
base_model.model.model.layers.3.mlp.gate_proj.lora_B.weight,gate_proj,mlp,B,9728x16,155648,6.1331798e-06,0.00034188703,-0.00062174484,0.00061805948,0.00029429784,0.13490374,0
base_model.model.model.layers.3.mlp.up_proj.lora_A.weight,up_proj,mlp,A,16x2560,40960,-7.7996388e-05,0.011404545,-0.020285234,0.020283293,0.0098593935,2.3081713,0
base_model.model.model.layers.3.mlp.up_proj.lora_B.weight,up_proj,mlp,B,9728x16,155648,8.6365964e-07,0.00035421483,-0.00062025501,0.00061998132,0.00030814599,0.13974608,0
base_model.model.model.layers.3.self_attn.k_proj.lora_A.weight,k_proj,attention,A,16x2560,40960,-1.7010661e-05,0.011420828,-0.020272523,0.02021097,0.0098896205,2.3114161,0
base_model.model.model.layers.3.self_attn.k_proj.lora_B.weight,k_proj,attention,B,1024x16,16384,1.1849017e-06,0.00032927361,-0.00060314819,0.00060716801,0.00028439352,0.042147294,0
base_model.model.model.layers.3.self_attn.o_proj.lora_A.weight,o_proj,attention,A,16x4096,65536,1.2417819e-05,0.0090372302,-0.016138427,0.016137708,0.0078228535,2.3135331,0
base_model.model.model.layers.3.self_attn.o_proj.lora_B.weight,o_proj,attention,B,2560x16,40960,9.8606222e-07,0.00035002237,-0.00062014232,0.00062190479,0.00029983707,0.070839815,0
base_model.model.model.layers.3.self_attn.q_proj.lora_A.weight,q_proj,attention,A,16x2560,40960,-4.0428153e-05,0.011388081,-0.020274909,0.020283204,0.0098561779,2.3047998,0
base_model.model.model.layers.3.self_attn.q_proj.lora_B.weight,q_proj,attention,B,4096x16,65536,6.2027323e-07,0.00034046665,-0.0006153385,0.00061778037,0.00029494122,0.087159641,0
base_model.model.model.layers.3.self_attn.v_proj.lora_A.weight,v_proj,attention,A,16x2560,40960,2.6498683e-05,0.011377833,-0.020286646,0.020286692,0.0098400176,2.3027174,0
base_model.model.model.layers.3.self_attn.v_proj.lora_B.weight,v_proj,attention,B,1024x16,16384,9.2497548e-06,0.00035456326,-0.00061362918,0.0006175033,0.00030577113,0.045399535,0
base_model.model.model.layers.30.mlp.down_proj.lora_A.weight,down_proj,mlp,A,16x9728,155648,2.118645e-05,0.005881852,-0.010650877,0.010652382,0.0050899316,2.3205359,0
base_model.model.model.layers.30.mlp.down_proj.lora_B.weight,down_proj,mlp,B,2560x16,40960,4.0104578e-06,0.00042487821,-0.00062353775,0.00062450091,0.00038121145,0.085993119,0
base_model.model.model.layers.30.mlp.gate_proj.lora_A.weight,gate_proj,mlp,A,16x2560,40960,1.6393924e-05,0.011454233,-0.020294549,0.020293612,0.0099188358,2.3181763,0
base_model.model.model.layers.30.mlp.gate_proj.lora_B.weight,gate_proj,mlp,B,9728x16,155648,2.9220237e-07,0.00040047674,-0.00062663719,0.00062621105,0.00036066692,0.15799703,0
base_model.model.model.layers.30.mlp.up_proj.lora_A.weight,up_proj,mlp,A,16x2560,40960,-4.0863317e-05,0.0114257,-0.020296615,0.020293416,0.0098935038,2.3124135,0
base_model.model.model.layers.30.mlp.up_proj.lora_B.weight,up_proj,mlp,B,9728x16,155648,-1.5857667e-06,0.00041486739,-0.00062297931,0.00062463904,0.00037343266,0.16367565,0
base_model.model.model.layers.30.self_attn.k_proj.lora_A.weight,k_proj,attention,A,16x2560,40960,4.3757946e-06,0.011450039,-0.020287221,0.02028938,0.0099126592,2.3173246,0
base_model.model.model.layers.30.self_attn.k_proj.lora_B.weight,k_proj,attention,B,1024x16,16384,-4.1481485e-06,0.00041116003,-0.00061944092,0.00062103226,0.00037196651,0.05263117,0
base_model.model.model.layers.30.self_attn.o_proj.lora_A.weight,o_proj,attention,A,16x4096,65536,3.7207697e-05,0.0090439785,-0.016145814,0.016145283,0.0078322329,2.3152778,0
base_model.model.model.layers.30.self_attn.o_proj.lora_B.weight,o_proj,attention,B,2560x16,40960,-5.9106492e-07,0.00042804502,-0.00062507688,0.00062367221,0.0003835533,0.086630315,0
base_model.model.model.layers.30.self_attn.q_proj.lora_A.weight,q_proj,attention,A,16x2560,40960,-6.9930298e-05,0.011440951,-0.020286687,0.02028955,0.009905421,2.3155301,0
base_model.model.model.layers.30.self_attn.q_proj.lora_B.weight,q_proj,attention,B,4096x16,65536,1.0934407e-06,0.00040850331,-0.00062244717,0.00062365161,0.00036826078,0.10457725,0
base_model.model.model.layers.30.self_attn.v_proj.lora_A.weight,v_proj,attention,A,16x2560,40960,-4.9927745e-05,0.011411103,-0.020293841,0.020296369,0.0098771498,2.3094666,0
base_model.model.model.layers.30.self_attn.v_proj.lora_B.weight,v_proj,attention,B,1024x16,16384,2.470251e-06,0.00043966694,-0.00062505197,0.00062100479,0.00039937769,0.056278255,0
base_model.model.model.layers.31.mlp.down_proj.lora_A.weight,down_proj,mlp,A,16x9728,155648,1.8439914e-05,0.0058848485,-0.010649852,0.010652529,0.0050972088,2.321717,0
base_model.model.model.layers.31.mlp.down_proj.lora_B.weight,down_proj,mlp,B,2560x16,40960,1.4853392e-06,0.00044552647,-0.00062424171,0.00062459282,0.00040318128,0.0901687,0
base_model.model.model.layers.31.mlp.gate_proj.lora_A.weight,gate_proj,mlp,A,16x2560,40960,-3.8575962e-07,0.011443982,-0.020293884,0.020293882,0.0099036455,2.3160992,0
base_model.model.model.layers.31.mlp.gate_proj.lora_B.weight,gate_proj,mlp,B,9728x16,155648,1.0615191e-08,0.00040458588,-0.00062619371,0.00062394189,0.0003645525,0.15961821,0
base_model.model.model.layers.31.mlp.up_proj.lora_A.weight,up_proj,mlp,A,16x2560,40960,-4.0322702e-05,0.011445531,-0.020294752,0.02029386,0.0099065885,2.316427,0
base_model.model.model.layers.31.mlp.up_proj.lora_B.weight,up_proj,mlp,B,9728x16,155648,-7.9028865e-08,0.00041532828,-0.00062488334,0.00062585762,0.00037326781,0.16385625,0
base_model.model.model.layers.31.self_attn.k_proj.lora_A.weight,k_proj,attention,A,16x2560,40960,-6.4122913e-05,0.011440271,-0.020290956,0.020282472,0.0099174753,2.3153849,0
base_model.model.model.layers.31.self_attn.k_proj.lora_B.weight,k_proj,attention,B,1024x16,16384,4.2304191e-07,0.00040753093,-0.00061818724,0.00062106713,0.00036846485,0.052163981,0
base_model.model.model.layers.31.self_attn.o_proj.lora_A.weight,o_proj,attention,A,16x4096,65536,1.1478328e-05,0.0090648662,-0.016147476,0.01614425,0.00785424,2.3206074,0
base_model.model.model.layers.31.self_attn.o_proj.lora_B.weight,o_proj,attention,B,2560x16,40960,1.4896168e-06,0.00044030475,-0.00062451296,0.00062432594,0.00039778133,0.089111947,0
base_model.model.model.layers.31.self_attn.q_proj.lora_A.weight,q_proj,attention,A,16x2560,40960,-9.2894279e-06,0.011491804,-0.020292779,0.020281024,0.0099574611,2.3257773,0
base_model.model.model.layers.31.self_attn.q_proj.lora_B.weight,q_proj,attention,B,4096x16,65536,-2.4410787e-07,0.00041172997,-0.00062131189,0.00061942462,0.00037209003,0.10540289,0
base_model.model.model.layers.31.self_attn.v_proj.lora_A.weight,v_proj,attention,A,16x2560,40960,-4.6696008e-05,0.011410821,-0.020296263,0.020295257,0.0098639429,2.3094075,0
base_model.model.model.layers.31.self_attn.v_proj.lora_B.weight,v_proj,attention,B,1024x16,16384,-4.5784361e-07,0.0004479303,-0.00062161486,0.00061908597,0.00040901286,0.057335101,0
base_model.model.model.layers.32.mlp.down_proj.lora_A.weight,down_proj,mlp,A,16x9728,155648,-2.2233935e-05,0.0058910842,-0.010654859,0.010650424,0.0050988919,2.3241808,0
base_model.model.model.layers.32.mlp.down_proj.lora_B.weight,down_proj,mlp,B,2560x16,40960,-1.3430183e-06,0.00044900551,-0.00062483188,0.00062397035,0.00040771281,0.090872727,0
base_model.model.model.layers.32.mlp.gate_proj.lora_A.weight,gate_proj,mlp,A,16x2560,40960,-1.8681048e-05,0.011427817,-0.02029101,0.020293321,0.0098871782,2.3128307,0
base_model.model.model.layers.32.mlp.gate_proj.lora_B.weight,gate_proj,mlp,B,9728x16,155648,-5.0623549e-07,0.00041633015,-0.00062522863,0.00062651408,0.00037694862,0.1642516,0
base_model.model.model.layers.32.mlp.up_proj.lora_A.weight,up_proj,mlp,A,16x2560,40960,-0.00010677213,0.011440308,-0.020292578,0.020292904,0.009907867,2.3154559,0
base_model.model.model.layers.32.mlp.up_proj.lora_B.weight,up_proj,mlp,B,9728x16,155648,1.2145991e-06,0.00042958013,-0.00062559114,0.00062594394,0.00038845112,0.16947971,0
base_model.model.model.layers.32.self_attn.k_proj.lora_A.weight,k_proj,attention,A,16x2560,40960,2.9154227e-05,0.011441375,-0.020270986,0.02028439,0.0099157348,2.3155789,0
base_model.model.model.layers.32.self_attn.k_proj.lora_B.weight,k_proj,attention,B,1024x16,16384,6.3091341e-07,0.00041776971,-0.0006220176,0.00062289456,0.00037940565,0.053474583,0
base_model.model.model.layers.32.self_attn.o_proj.lora_A.weight,o_proj,attention,A,16x4096,65536,2.1696062e-05,0.0090283146,-0.016143028,0.016141167,0.0078134779,2.3112547,0
base_model.model.model.layers.32.self_attn.o_proj.lora_B.weight,o_proj,attention,B,2560x16,40960,2.3502448e-06,0.00043964514,-0.00062374881,0.00062335411,0.00039785677,0.088979177,0
base_model.model.model.layers.32.self_attn.q_proj.lora_A.weight,q_proj,attention,A,16x2560,40960,-0.00011594831,0.011429352,-0.020285077,0.020287156,0.0098897323,2.3132567,0
base_model.model.model.layers.32.self_attn.q_proj.lora_B.weight,q_proj,attention,B,4096x16,65536,6.9421054e-07,0.000415819,-0.00062256044,0.00062342465,0.0003770063,0.10644982,0
base_model.model.model.layers.32.self_attn.v_proj.lora_A.weight,v_proj,attention,A,16x2560,40960,5.0005132e-05,0.011427406,-0.020290643,0.020290308,0.0098821208,2.312767,0
base_model.model.model.layers.32.self_attn.v_proj.lora_B.weight,v_proj,attention,B,1024x16,16384,-1.0903213e-06,0.00045653566,-0.00062269188,0.00062369375,0.00042011589,0.058436725,0
base_model.model.model.layers.33.mlp.down_proj.lora_A.weight,down_proj,mlp,A,16x9728,155648,-3.0989282e-05,0.0058761276,-0.010652767,0.010653487,0.0050820128,2.3182945,0
base_model.model.model.layers.33.mlp.down_proj.lora_B.weight,down_proj,mlp,B,2560x16,40960,-8.6762628e-07,0.00046590541,-0.00062504847,0.00062482088,0.00042598564,0.094292805,0
base_model.model.model.layers.33.mlp.gate_proj.lora_A.weight,gate_proj,mlp,A,16x2560,40960,-2.4702085e-05,0.011455132,-0.020298043,0.020294823,0.009919934,2.318361,0
base_model.model.model.layers.33.mlp.gate_proj.lora_B.weight,gate_proj,mlp,B,9728x16,155648,-6.7153496e-07,0.00041878011,-0.00062381098,0.00062486331,0.00037909172,0.16521835,0
base_model.model.model.layers.33.mlp.up_proj.lora_A.weight,up_proj,mlp,A,16x2560,40960,1.3519244e-05,0.01143794,-0.02029375,0.020295324,0.0099053614,2.314878,0
base_model.model.model.layers.33.mlp.up_proj.lora_B.weight,up_proj,mlp,B,9728x16,155648,1.8092193e-06,0.00043817647,-0.00062402769,0.00062348117,0.00039713815,0.17287199,0
base_model.model.model.layers.33.self_attn.k_proj.lora_A.weight,k_proj,attention,A,16x2560,40960,2.8731533e-06,0.011397965,-0.02028878,0.020294001,0.0098541602,2.3067865,0
base_model.model.model.layers.33.self_attn.k_proj.lora_B.weight,k_proj,attention,B,1024x16,16384,1.0875629e-06,0.00042323209,-0.00061941228,0.00062226714,0.00038463098,0.054173879,0
base_model.model.model.layers.33.self_attn.o_proj.lora_A.weight,o_proj,attention,A,16x4096,65536,-3.3644119e-05,0.0090766307,-0.016141355,0.01614449,0.0078669265,2.323633,0
base_model.model.model.layers.33.self_attn.o_proj.lora_B.weight,o_proj,attention,B,2560x16,40960,6.7662546e-07,0.00045890649,-0.00062482624,0.00062465837,0.00041701901,0.092876233,0
base_model.model.model.layers.33.self_attn.q_proj.lora_A.weight,q_proj,attention,A,16x2560,40960,3.9385137e-05,0.011440525,-0.020290976,0.020295184,0.009902855,2.3154132,0
base_model.model.model.layers.33.self_attn.q_proj.lora_B.weight,q_proj,attention,B,4096x16,65536,4.5435596e-07,0.00042214236,-0.00062147947,0.00062248111,0.00038244011,0.1080685,0
base_model.model.model.layers.33.self_attn.v_proj.lora_A.weight,v_proj,attention,A,16x2560,40960,4.7085214e-05,0.011428383,-0.020292796,0.020292439,0.0099087305,2.3129613,0
base_model.model.model.layers.33.self_attn.v_proj.lora_B.weight,v_proj,attention,B,1024x16,16384,-2.6101548e-06,0.00046794637,-0.00062078005,0.00062213471,0.00043286363,0.059898067,0
base_model.model.model.layers.34.mlp.down_proj.lora_A.weight,down_proj,mlp,A,16x9728,155648,6.6867351e-06,0.0058833878,-0.010650782,0.010648574,0.0050921683,2.3211288,0
base_model.model.model.layers.34.mlp.down_proj.lora_B.weight,down_proj,mlp,B,2560x16,40960,1.4716167e-06,0.00048376905,-0.0006243742,0.00062465767,0.00044694897,0.09790837,0
base_model.model.model.layers.34.mlp.gate_proj.lora_A.weight,gate_proj,mlp,A,16x2560,40960,-1.6591726e-05,0.011457639,-0.020294426,0.020293793,0.009930709,2.3188655,0
base_model.model.model.layers.34.mlp.gate_proj.lora_B.weight,gate_proj,mlp,B,9728x16,155648,-2.896759e-06,0.00043688182,-0.00062451401,0.00062467577,0.00039594726,0.17236355,0
base_model.model.model.layers.34.mlp.up_proj.lora_A.weight,up_proj,mlp,A,16x2560,40960,-0.00013382973,0.011433644,-0.020289376,0.020295341,0.0098926708,2.3141646,0
base_model.model.model.layers.34.mlp.up_proj.lora_B.weight,up_proj,mlp,B,9728x16,155648,-2.7245667e-06,0.00045754766,-0.00062619062,0.00062560791,0.00041868317,0.18051602,0
base_model.model.model.layers.34.self_attn.k_proj.lora_A.weight,k_proj,attention,A,16x2560,40960,7.6896595e-06,0.011404579,-0.02028037,0.020286309,0.009869507,2.308126,0
base_model.model.model.layers.34.self_attn.k_proj.lora_B.weight,k_proj,attention,B,1024x16,16384,1.7360943e-06,0.00043459836,-0.00062195305,0.00062337407,0.00039625476,0.055629041,0
base_model.model.model.layers.34.self_attn.o_proj.lora_A.weight,o_proj,attention,A,16x4096,65536,5.8963233e-06,0.0090403697,-0.016144762,0.016140504,0.0078207711,2.3143342,0
base_model.model.model.layers.34.self_attn.o_proj.lora_B.weight,o_proj,attention,B,2560x16,40960,1.4348227e-06,0.00046818823,-0.00062462967,0.00062300614,0.00043052007,0.094755076,0
base_model.model.model.layers.34.self_attn.q_proj.lora_A.weight,q_proj,attention,A,16x2560,40960,-2.8017788e-05,0.011466662,-0.020277731,0.02028661,0.0099372342,2.3206954,0
base_model.model.model.layers.34.self_attn.q_proj.lora_B.weight,q_proj,attention,B,4096x16,65536,3.0885399e-06,0.00043242675,-0.00062437804,0.00062402396,0.00039377884,0.11070406,0
base_model.model.model.layers.34.self_attn.v_proj.lora_A.weight,v_proj,attention,A,16x2560,40960,-6.8851696e-06,0.011485546,-0.020288356,0.020290572,0.0099505335,2.3245115,0
base_model.model.model.layers.34.self_attn.v_proj.lora_B.weight,v_proj,attention,B,1024x16,16384,4.109595e-06,0.00048223158,-0.00062074268,0.00062281132,0.00044929789,0.061727881,0
base_model.model.model.layers.35.mlp.down_proj.lora_A.weight,down_proj,mlp,A,16x9728,155648,-4.7358124e-05,0.0058747898,-0.010643115,0.01064244,0.0050824437,2.3178124,0
base_model.model.model.layers.35.mlp.down_proj.lora_B.weight,down_proj,mlp,B,2560x16,40960,1.4351779e-06,0.00050840975,-0.00062481005,0.00062532915,0.00047783218,0.10289529,0
base_model.model.model.layers.35.mlp.gate_proj.lora_A.weight,gate_proj,mlp,A,16x2560,40960,-0.00011806517,0.011439425,-0.020289555,0.020291843,0.0098900199,2.3152995,0
base_model.model.model.layers.35.mlp.gate_proj.lora_B.weight,gate_proj,mlp,B,9728x16,155648,1.334264e-07,0.00044651958,-0.00062589534,0.00062586641,0.00040563708,0.17616196,0
base_model.model.model.layers.35.mlp.up_proj.lora_A.weight,up_proj,mlp,A,16x2560,40960,-4.8056336e-05,0.011372592,-0.020283954,0.020285202,0.0098305568,2.3016708,0
base_model.model.model.layers.35.mlp.up_proj.lora_B.weight,up_proj,mlp,B,9728x16,155648,-4.7346845e-07,0.00046046282,-0.00062595634,0.00062528823,0.00042048852,0.18166299,0
base_model.model.model.layers.35.self_attn.k_proj.lora_A.weight,k_proj,attention,A,16x2560,40960,-3.8545819e-05,0.011431335,-0.020294033,0.020294784,0.0099053077,2.3135521,0
base_model.model.model.layers.35.self_attn.k_proj.lora_B.weight,k_proj,attention,B,1024x16,16384,6.9702196e-07,0.00042409205,-0.00062017766,0.00062025624,0.00038245472,0.054283854,0
base_model.model.model.layers.35.self_attn.o_proj.lora_A.weight,o_proj,attention,A,16x4096,65536,6.7219778e-05,0.0090459744,-0.016142163,0.016138414,0.0078327339,2.3158331,0
base_model.model.model.layers.35.self_attn.o_proj.lora_B.weight,o_proj,attention,B,2560x16,40960,9.4772997e-07,0.00048001629,-0.00062446191,0.00062390574,0.00044247387,0.097148657,0
base_model.model.model.layers.35.self_attn.q_proj.lora_A.weight,q_proj,attention,A,16x2560,40960,9.0372843e-05,0.011476211,-0.020292807,0.020286281,0.0099485442,2.3226941,0
base_model.model.model.layers.35.self_attn.q_proj.lora_B.weight,q_proj,attention,B,4096x16,65536,-4.2890841e-07,0.0004320945,-0.00062358985,0.0006244033,0.0003917673,0.11061624,0
base_model.model.model.layers.35.self_attn.v_proj.lora_A.weight,v_proj,attention,A,16x2560,40960,0.00010411274,0.011378728,-0.020277783,0.020282675,0.0098336637,2.30299,0
base_model.model.model.layers.35.self_attn.v_proj.lora_B.weight,v_proj,attention,B,1024x16,16384,2.5670245e-06,0.00049129833,-0.00062205427,0.00062188791,0.00045963097,0.06288705,0
base_model.model.model.layers.4.mlp.down_proj.lora_A.weight,down_proj,mlp,A,16x9728,155648,-2.3211162e-06,0.0058683339,-0.01065095,0.01064594,0.0050814128,2.3151884,0
base_model.model.model.layers.4.mlp.down_proj.lora_B.weight,down_proj,mlp,B,2560x16,40960,9.7443922e-07,0.00036346761,-0.00062002672,0.00062213757,0.00031280103,0.073560946,0
base_model.model.model.layers.4.mlp.gate_proj.lora_A.weight,gate_proj,mlp,A,16x2560,40960,1.8751463e-05,0.011415938,-0.020282749,0.020289212,0.0098928988,2.3104262,0
base_model.model.model.layers.4.mlp.gate_proj.lora_B.weight,gate_proj,mlp,B,9728x16,155648,-8.8701802e-07,0.0003568815,-0.00062347337,0.00062190305,0.00031060434,0.14079809,0
base_model.model.model.layers.4.mlp.up_proj.lora_A.weight,up_proj,mlp,A,16x2560,40960,-2.1683185e-05,0.011428428,-0.020285986,0.020291325,0.0099012807,2.3129551,0
base_model.model.model.layers.4.mlp.up_proj.lora_B.weight,up_proj,mlp,B,9728x16,155648,-1.0983989e-06,0.00036283021,-0.00061977847,0.00061969995,0.00031533568,0.14314543,0
base_model.model.model.layers.4.self_attn.k_proj.lora_A.weight,k_proj,attention,A,16x2560,40960,2.5325455e-05,0.01142966,-0.020251459,0.020276086,0.0098874398,2.3132064,0
base_model.model.model.layers.4.self_attn.k_proj.lora_B.weight,k_proj,attention,B,1024x16,16384,-1.6721622e-06,0.00033452697,-0.0006146073,0.00060814299,0.00028988806,0.042819988,0
base_model.model.model.layers.4.self_attn.o_proj.lora_A.weight,o_proj,attention,A,16x4096,65536,2.9705825e-06,0.0090591228,-0.016136101,0.016141573,0.0078491624,2.3191357,0
base_model.model.model.layers.4.self_attn.o_proj.lora_B.weight,o_proj,attention,B,2560x16,40960,-2.9596474e-06,0.00035649384,-0.00061847351,0.000619634,0.00030648529,0.072151758,0
base_model.model.model.layers.4.self_attn.q_proj.lora_A.weight,q_proj,attention,A,16x2560,40960,0.00010775137,0.011435108,-0.020260358,0.020289002,0.0099016242,2.3144057,0
base_model.model.model.layers.4.self_attn.q_proj.lora_B.weight,q_proj,attention,B,4096x16,65536,-6.1145101e-08,0.00033453217,-0.00061498303,0.0006153225,0.0002899238,0.085640207,0
base_model.model.model.layers.4.self_attn.v_proj.lora_A.weight,v_proj,attention,A,16x2560,40960,7.4053954e-05,0.011449479,-0.020263588,0.020282153,0.0099272206,2.3172603,0
base_model.model.model.layers.4.self_attn.v_proj.lora_B.weight,v_proj,attention,B,1024x16,16384,-3.1446035e-07,0.0003453212,-0.00061509619,0.00061877514,0.00029744496,0.044201128,0
base_model.model.model.layers.5.mlp.down_proj.lora_A.weight,down_proj,mlp,A,16x9728,155648,1.8680845e-06,0.0058715018,-0.010648803,0.010650282,0.0050817167,2.3164384,0
base_model.model.model.layers.5.mlp.down_proj.lora_B.weight,down_proj,mlp,B,2560x16,40960,1.0665834e-06,0.00035837636,-0.00062133721,0.00061873684,0.00030676988,0.072530605,0
base_model.model.model.layers.5.mlp.gate_proj.lora_A.weight,gate_proj,mlp,A,16x2560,40960,3.0270478e-05,0.011427037,-0.02029144,0.020283254,0.0098849535,2.3126776,0
base_model.model.model.layers.5.mlp.gate_proj.lora_B.weight,gate_proj,mlp,B,9728x16,155648,-9.5601376e-07,0.00035381052,-0.00062200835,0.00062075671,0.00030635363,0.13958664,0
base_model.model.model.layers.5.mlp.up_proj.lora_A.weight,up_proj,mlp,A,16x2560,40960,-1.7001363e-05,0.011433813,-0.020284962,0.020285249,0.0099036217,2.3140442,0
base_model.model.model.layers.5.mlp.up_proj.lora_B.weight,up_proj,mlp,B,9728x16,155648,5.6982429e-07,0.00036253044,-0.00061830581,0.00062085234,0.00031481093,0.14302649,0
base_model.model.model.layers.5.self_attn.k_proj.lora_A.weight,k_proj,attention,A,16x2560,40960,-9.2046263e-05,0.01141081,-0.02027031,0.0202538,0.0098766953,2.3094609,0
base_model.model.model.layers.5.self_attn.k_proj.lora_B.weight,k_proj,attention,B,1024x16,16384,5.5340288e-06,0.00034277045,-0.00060897216,0.0006138233,0.00029630223,0.043880332,0
base_model.model.model.layers.5.self_attn.o_proj.lora_A.weight,o_proj,attention,A,16x4096,65536,-2.436826e-06,0.0090597216,-0.016142733,0.016143195,0.0078387,2.319289,0
base_model.model.model.layers.5.self_attn.o_proj.lora_B.weight,o_proj,attention,B,2560x16,40960,8.5912808e-07,0.00037021618,-0.00061957777,0.00061907724,0.00031994758,0.074926674,0
base_model.model.model.layers.5.self_attn.q_proj.lora_A.weight,q_proj,attention,A,16x2560,40960,-8.5289303e-06,0.011396995,-0.020283047,0.020266874,0.0098726198,2.3065891,0
base_model.model.model.layers.5.self_attn.q_proj.lora_B.weight,q_proj,attention,B,4096x16,65536,8.6682331e-07,0.00035035491,-0.00061621063,0.00061973749,0.00030539127,0.089691088,0
base_model.model.model.layers.5.self_attn.v_proj.lora_A.weight,v_proj,attention,A,16x2560,40960,6.1597755e-05,0.011407338,-0.020281645,0.020281706,0.009863092,2.3087153,0
base_model.model.model.layers.5.self_attn.v_proj.lora_B.weight,v_proj,attention,B,1024x16,16384,7.334429e-07,0.00035078352,-0.00061440014,0.00060928386,0.00030315924,0.044900376,0
base_model.model.model.layers.6.mlp.down_proj.lora_A.weight,down_proj,mlp,A,16x9728,155648,3.6689346e-06,0.0058709756,-0.010638552,0.010649329,0.0050826033,2.3162305,0
base_model.model.model.layers.6.mlp.down_proj.lora_B.weight,down_proj,mlp,B,2560x16,40960,-2.8162739e-07,0.00040193048,-0.00062079914,0.0006208464,0.0003560853,0.081345037,0
base_model.model.model.layers.6.mlp.gate_proj.lora_A.weight,gate_proj,mlp,A,16x2560,40960,-5.2431227e-05,0.011415235,-0.020286968,0.020287044,0.0098735139,2.3103049,0
base_model.model.model.layers.6.mlp.gate_proj.lora_B.weight,gate_proj,mlp,B,9728x16,155648,1.0124204e-06,0.000357518,-0.0006225938,0.00062205666,0.00030986619,0.1410494,0
base_model.model.model.layers.6.mlp.up_proj.lora_A.weight,up_proj,mlp,A,16x2560,40960,-1.7579205e-05,0.011445796,-0.020291807,0.020291878,0.0099139206,2.3164682,0
base_model.model.model.layers.6.mlp.up_proj.lora_B.weight,up_proj,mlp,B,9728x16,155648,-1.2402821e-06,0.00036640407,-0.00061928987,0.00061940268,0.00031835142,0.1445554,0
base_model.model.model.layers.6.self_attn.k_proj.lora_A.weight,k_proj,attention,A,16x2560,40960,8.581773e-05,0.011423347,-0.020283487,0.020286202,0.009880133,2.3119874,0
base_model.model.model.layers.6.self_attn.k_proj.lora_B.weight,k_proj,attention,B,1024x16,16384,1.6922816e-06,0.00035263572,-0.0006143534,0.00061404798,0.00030516236,0.04513789,0
base_model.model.model.layers.6.self_attn.o_proj.lora_A.weight,o_proj,attention,A,16x4096,65536,-5.3065902e-05,0.0090370327,-0.016136037,0.016138861,0.0078201424,2.3135197,0
base_model.model.model.layers.6.self_attn.o_proj.lora_B.weight,o_proj,attention,B,2560x16,40960,3.7061477e-07,0.00035765689,-0.00062041718,0.00062168186,0.00030479382,0.072384708,0
base_model.model.model.layers.6.self_attn.q_proj.lora_A.weight,q_proj,attention,A,16x2560,40960,2.8204473e-05,0.011421661,-0.020279406,0.020290468,0.0098879784,2.311589,0
base_model.model.model.layers.6.self_attn.q_proj.lora_B.weight,q_proj,attention,B,4096x16,65536,2.6007393e-07,0.00035057499,-0.00061832729,0.00062129804,0.00030423491,0.089747183,0
base_model.model.model.layers.6.self_attn.v_proj.lora_A.weight,v_proj,attention,A,16x2560,40960,-3.2386441e-05,0.011432061,-0.020293117,0.020285955,0.0099054523,2.3136957,0
base_model.model.model.layers.6.self_attn.v_proj.lora_B.weight,v_proj,attention,B,1024x16,16384,-2.7342003e-06,0.00036011427,-0.0006174962,0.00061902183,0.00031116034,0.046095952,0
base_model.model.model.layers.7.mlp.down_proj.lora_A.weight,down_proj,mlp,A,16x9728,155648,-2.1933565e-06,0.0058736703,-0.010651623,0.010651532,0.0050803337,2.3172941,0
base_model.model.model.layers.7.mlp.down_proj.lora_B.weight,down_proj,mlp,B,2560x16,40960,-3.280968e-07,0.00036149324,-0.00062359712,0.00062303548,0.00030789408,0.073161125,0
base_model.model.model.layers.7.mlp.gate_proj.lora_A.weight,gate_proj,mlp,A,16x2560,40960,-4.2143958e-05,0.01141772,-0.020287316,0.020293599,0.0098768607,2.3107994,0
base_model.model.model.layers.7.mlp.gate_proj.lora_B.weight,gate_proj,mlp,B,9728x16,155648,-1.6842317e-06,0.00035808329,-0.00062318321,0.00062173547,0.0003098768,0.14127342,0
base_model.model.model.layers.7.mlp.up_proj.lora_A.weight,up_proj,mlp,A,16x2560,40960,-5.1954092e-05,0.011414962,-0.020285482,0.020277092,0.0098688722,2.3102496,0
base_model.model.model.layers.7.mlp.up_proj.lora_B.weight,up_proj,mlp,B,9728x16,155648,1.0762124e-06,0.00036744002,-0.00062153663,0.00061885174,0.00031990244,0.14496385,0
base_model.model.model.layers.7.self_attn.k_proj.lora_A.weight,k_proj,attention,A,16x2560,40960,-8.8399938e-05,0.011431282,-0.020284528,0.02028393,0.0098948218,2.3135986,0
base_model.model.model.layers.7.self_attn.k_proj.lora_B.weight,k_proj,attention,B,1024x16,16384,-4.230734e-07,0.00034470827,-0.00061772275,0.00061698636,0.00029755116,0.044122696,0
base_model.model.model.layers.7.self_attn.o_proj.lora_A.weight,o_proj,attention,A,16x4096,65536,-7.1359907e-05,0.0090522869,-0.016142825,0.016143396,0.0078411438,2.3174574,0
base_model.model.model.layers.7.self_attn.o_proj.lora_B.weight,o_proj,attention,B,2560x16,40960,2.1384428e-06,0.00036107743,-0.00061962125,0.00061775342,0.0003104507,0.073078245,0
base_model.model.model.layers.7.self_attn.q_proj.lora_A.weight,q_proj,attention,A,16x2560,40960,3.2421216e-05,0.011408838,-0.02028052,0.020291256,0.0098688483,2.3089955,0
base_model.model.model.layers.7.self_attn.q_proj.lora_B.weight,q_proj,attention,B,4096x16,65536,-1.1347083e-09,0.00033116629,-0.00061918463,0.00061708014,0.00028303423,0.084778577,0
base_model.model.model.layers.7.self_attn.v_proj.lora_A.weight,v_proj,attention,A,16x2560,40960,1.7165054e-05,0.011397539,-0.020289533,0.020288318,0.0098746553,2.3067017,0
base_model.model.model.layers.7.self_attn.v_proj.lora_B.weight,v_proj,attention,B,1024x16,16384,3.1080806e-06,0.00035395395,-0.00061580504,0.00061515812,0.00030582072,0.045307856,0
base_model.model.model.layers.8.mlp.down_proj.lora_A.weight,down_proj,mlp,A,16x9728,155648,6.2831982e-06,0.0058691362,-0.010652485,0.010651156,0.0050778162,2.3155067,0
base_model.model.model.layers.8.mlp.down_proj.lora_B.weight,down_proj,mlp,B,2560x16,40960,2.5772223e-07,0.00037148932,-0.0006222176,0.00062292226,0.00032042381,0.075184174,0
base_model.model.model.layers.8.mlp.gate_proj.lora_A.weight,gate_proj,mlp,A,16x2560,40960,-9.0599842e-06,0.011461555,-0.02029115,0.020278543,0.0099309549,2.3196561,0
base_model.model.model.layers.8.mlp.gate_proj.lora_B.weight,gate_proj,mlp,B,9728x16,155648,8.3407798e-07,0.00036204475,-0.00062200951,0.00062134949,0.00031399805,0.14283517,0
base_model.model.model.layers.8.mlp.up_proj.lora_A.weight,up_proj,mlp,A,16x2560,40960,5.1511754e-05,0.011435289,-0.020291969,0.020295685,0.009896332,2.3143628,0
base_model.model.model.layers.8.mlp.up_proj.lora_B.weight,up_proj,mlp,B,9728x16,155648,1.1780195e-06,0.00036239094,-0.00062011019,0.0006191135,0.00031327995,0.14297204,0
base_model.model.model.layers.8.self_attn.k_proj.lora_A.weight,k_proj,attention,A,16x2560,40960,1.3383447e-05,0.011403561,-0.020276755,0.020289594,0.0098707028,2.30792,0
base_model.model.model.layers.8.self_attn.k_proj.lora_B.weight,k_proj,attention,B,1024x16,16384,1.0016612e-07,0.00034191267,-0.00060857646,0.00061493728,0.00029535362,0.043764822,0
base_model.model.model.layers.8.self_attn.o_proj.lora_A.weight,o_proj,attention,A,16x4096,65536,3.5065779e-05,0.0090544429,-0.01613606,0.016140861,0.0078435689,2.3179543,0
base_model.model.model.layers.8.self_attn.o_proj.lora_B.weight,o_proj,attention,B,2560x16,40960,-1.2539242e-06,0.00036783738,-0.00062045146,0.00062022038,0.00031766966,0.074445471,0
base_model.model.model.layers.8.self_attn.q_proj.lora_A.weight,q_proj,attention,A,16x2560,40960,1.197578e-05,0.011426043,-0.020291481,0.020281959,0.0099020854,2.3124695,0
base_model.model.model.layers.8.self_attn.q_proj.lora_B.weight,q_proj,attention,B,4096x16,65536,3.0967567e-07,0.00034062608,-0.00061852753,0.0006171079,0.00029435911,0.087200306,0
base_model.model.model.layers.8.self_attn.v_proj.lora_A.weight,v_proj,attention,A,16x2560,40960,8.7680564e-05,0.011400587,-0.020292718,0.020283941,0.0098620959,2.3073852,0
base_model.model.model.layers.8.self_attn.v_proj.lora_B.weight,v_proj,attention,B,1024x16,16384,-1.3835811e-06,0.00036917167,-0.00061414804,0.00061766914,0.00032181168,0.047254313,0
base_model.model.model.layers.9.mlp.down_proj.lora_A.weight,down_proj,mlp,A,16x9728,155648,-4.3994191e-06,0.0058789263,-0.01064992,0.010652729,0.0050875972,2.3193681,0
base_model.model.model.layers.9.mlp.down_proj.lora_B.weight,down_proj,mlp,B,2560x16,40960,-2.2690779e-06,0.000369555,-0.00062151288,0.00062313915,0.0003172393,0.074794084,0
base_model.model.model.layers.9.mlp.gate_proj.lora_A.weight,gate_proj,mlp,A,16x2560,40960,-0.00013802113,0.011468638,-0.020293513,0.02028414,0.0099310845,2.3212576,0
base_model.model.model.layers.9.mlp.gate_proj.lora_B.weight,gate_proj,mlp,B,9728x16,155648,1.3760579e-06,0.00036783848,-0.00062115618,0.00062273984,0.00032083261,0.14512151,0
base_model.model.model.layers.9.mlp.up_proj.lora_A.weight,up_proj,mlp,A,16x2560,40960,-5.7857582e-05,0.011419557,-0.02028689,0.020293104,0.0098967865,2.3111851,0
base_model.model.model.layers.9.mlp.up_proj.lora_B.weight,up_proj,mlp,B,9728x16,155648,-2.1152042e-07,0.00036141375,-0.000620395,0.00061972544,0.00031268254,0.14258584,0
base_model.model.model.layers.9.self_attn.k_proj.lora_A.weight,k_proj,attention,A,16x2560,40960,-5.7628979e-05,0.011449187,-0.020287625,0.020290654,0.0099127635,2.3171818,0
base_model.model.model.layers.9.self_attn.k_proj.lora_B.weight,k_proj,attention,B,1024x16,16384,7.5873336e-06,0.00035685822,-0.00061507721,0.00061500171,0.00030935608,0.045688171,0
base_model.model.model.layers.9.self_attn.o_proj.lora_A.weight,o_proj,attention,A,16x4096,65536,8.4770754e-06,0.0090289731,-0.016144726,0.016133668,0.007805116,2.3114171,0
base_model.model.model.layers.9.self_attn.o_proj.lora_B.weight,o_proj,attention,B,2560x16,40960,-3.3002704e-07,0.00036644907,-0.00062005216,0.00061704038,0.00031647456,0.074164107,0
base_model.model.model.layers.9.self_attn.q_proj.lora_A.weight,q_proj,attention,A,16x2560,40960,4.899858e-05,0.011431185,-0.02028908,0.020292843,0.0098953441,2.3135295,0
base_model.model.model.layers.9.self_attn.q_proj.lora_B.weight,q_proj,attention,B,4096x16,65536,5.9066615e-06,0.00035826556,-0.00061903987,0.00061829126,0.00031275241,0.091728449,0
base_model.model.model.layers.9.self_attn.v_proj.lora_A.weight,v_proj,attention,A,16x2560,40960,-6.7934932e-05,0.011417696,-0.020291103,0.020289535,0.0098804533,2.3108196,0
base_model.model.model.layers.9.self_attn.v_proj.lora_B.weight,v_proj,attention,B,1024x16,16384,-2.0195041e-06,0.00038036369,-0.00061796256,0.0006142382,0.00033449565,0.048687242,0
